,0
0,artbysinch
1,thyriankingdom
2,janregnart
3,bayardomontecinos
4,theimaginativeillustrator
5,polina.bright
6,portraituring
7,elyvescent
8,art_ngapak
9,gabe_weis
10,erikaleesears
11,godknowsidied
12,annie_bragi
13,__tree_13
14,pasiongerald
15,chuubibi
16,rubencarrales
17,igor_khaikov
18,obuhova_tatyana_art
19,alisamateurart
20,sarangiankita
21,little.daucus
22,valletydesign
23,schildcl
24,minute16
25,acrylic.blog
26,kosse.victoria
27,watercolor.boom
28,todaysartreport
29,todaysartreport
30,misunholdorf
31,cosmic_art_laboratory
32,mmmina.jpg
33,yassmeen_hazem
34,shad.ps
35,humeur_de_loutre
36,j.mossack
37,dareingarmsllc
38,smv_produ.ctio_ns
39,rylie_savage
40,good_graphics2
41,vast.o30
42,watch4zom.bie7s
43,c.ebuly1a
44,circusgrade_art
45,sica7239
46,enfeksiyonadam
47,guillaume_routaboul
48,pinkestshrimp
49,eyedrawing
50,kildren
51,neomlei
52,illustration_daily
53,skulls_and_bone
54,thiskiddodraws
55,fizjedar.art
56,k_the_masked_artist
57,1kevinwallace
58,mynamelk
59,not.a.number.art
60,drawingthesoul
61,artizan.dmg
62,arte.pedregon
63,inthreep
64,dayna0307
65,k.hwan
66,laser5555555
67,firdauzzamzafauzy
68,artnishi
69,rena.zimm
70,jhonkaito
71,artifice_vintage
72,bamboozle_thing
73,dvrm_cuen
74,pecking.arts
75,sc.dsgns
76,locallanguageart
77,julialoboribeiro
78,borizpixelarte
79,ddungnyang_illust
80,thevauntcollection
81,julia.podest.art
82,c0lleus
83,kimba155.ig
84,creations_mel.s.2
85,_shirley_hair_
86,truetubes
87,wtrkid
88,artworkbyshree
89,kohki_h.art
90,tohru_gorai
91,og_tattoo_remedies
92,blueslilly
93,sasamon_jpn
94,davesantillanes.art
95,romelsolano
96,gio_art_gallery
97,kiryanoff_2018
98,koenigs.art
99,matx.art
100,matx.art
101,vonnart
102,matx.art
103,vonnart
104,trippp.p_
105,matx.art
106,vonnart
107,trippp.p_
108,matx.art
109,vonnart
110,trippp.p_
111,artsy.help
112,matx.art
113,vonnart
114,trippp.p_
115,artsy.help
116,matx.art
117,vonnart
118,trippp.p_
119,artsy.help
120,alfial31
121,matx.art
122,vonnart
123,trippp.p_
124,artsy.help
125,alfial31
126,nicolas_illustrator
127,matx.art
128,vonnart
129,trippp.p_
130,artsy.help
131,alfial31
132,nicolas_illustrator
133,artbykameronj
134,ezekiel_zechariah_bates
135,matx.art
136,vonnart
137,trippp.p_
138,artsy.help
139,alfial31
140,nicolas_illustrator
141,artbykameronj
142,ezekiel_zechariah_bates
143,suraj887709
144,matx.art
145,vonnart
146,trippp.p_
147,artsy.help
148,alfial31
149,nicolas_illustrator
150,artbykameronj
151,ezekiel_zechariah_bates
152,suraj887709
153,xpensivetastee
154,kumar786ajay
155,matx.art
156,vonnart
157,trippp.p_
158,artsy.help
159,alfial31
160,nicolas_illustrator
161,artbykameronj
162,ezekiel_zechariah_bates
163,suraj887709
164,xpensivetastee
165,kumar786ajay
166,_insta_lime_
167,matx.art
168,vonnart
169,trippp.p_
170,artsy.help
171,alfial31
172,nicolas_illustrator
173,artbykameronj
174,ezekiel_zechariah_bates
175,suraj887709
176,xpensivetastee
177,kumar786ajay
178,_insta_lime_
179,omar.khattab1
180,matx.art
181,vonnart
182,trippp.p_
183,artsy.help
184,alfial31
185,nicolas_illustrator
186,artbykameronj
187,ezekiel_zechariah_bates
188,suraj887709
189,xpensivetastee
190,kumar786ajay
191,_insta_lime_
192,omar.khattab1
193,lovin_wood_signs
194,matx.art
195,vonnart
196,trippp.p_
197,artsy.help
198,alfial31
199,nicolas_illustrator
200,artbykameronj
201,ezekiel_zechariah_bates
202,suraj887709
203,xpensivetastee
204,kumar786ajay
205,_insta_lime_
206,omar.khattab1
207,lovin_wood_signs
208,coughdroppxr
209,matx.art
210,vonnart
211,trippp.p_
212,artsy.help
213,alfial31
214,nicolas_illustrator
215,artbykameronj
216,ezekiel_zechariah_bates
217,suraj887709
218,xpensivetastee
219,kumar786ajay
220,_insta_lime_
221,omar.khattab1
222,lovin_wood_signs
223,coughdroppxr
224,samanta.craft
225,88mcrashbus
226,matx.art
227,vonnart
228,trippp.p_
229,artsy.help
230,alfial31
231,nicolas_illustrator
232,artbykameronj
233,ezekiel_zechariah_bates
234,suraj887709
235,xpensivetastee
236,kumar786ajay
237,_insta_lime_
238,omar.khattab1
239,lovin_wood_signs
240,coughdroppxr
241,samanta.craft
242,88mcrashbus
243,edboy90
244,matx.art
245,vonnart
246,trippp.p_
247,artsy.help
248,alfial31
249,nicolas_illustrator
250,artbykameronj
251,ezekiel_zechariah_bates
252,suraj887709
253,xpensivetastee
254,kumar786ajay
255,_insta_lime_
256,omar.khattab1
257,lovin_wood_signs
258,coughdroppxr
259,samanta.craft
260,88mcrashbus
261,edboy90
262,dwight_theartist
263,matx.art
264,vonnart
265,trippp.p_
266,artsy.help
267,alfial31
268,nicolas_illustrator
269,artbykameronj
270,ezekiel_zechariah_bates
271,suraj887709
272,xpensivetastee
273,kumar786ajay
274,_insta_lime_
275,omar.khattab1
276,lovin_wood_signs
277,coughdroppxr
278,samanta.craft
279,88mcrashbus
280,edboy90
281,dwight_theartist
282,thejadefox03
283,matx.art
284,vonnart
285,trippp.p_
286,artsy.help
287,alfial31
288,nicolas_illustrator
289,artbykameronj
290,ezekiel_zechariah_bates
291,suraj887709
292,xpensivetastee
293,kumar786ajay
294,_insta_lime_
295,omar.khattab1
296,lovin_wood_signs
297,coughdroppxr
298,samanta.craft
299,88mcrashbus
300,edboy90
301,dwight_theartist
302,thejadefox03
303,diqdiqdiq9835
304,matx.art
305,vonnart
306,trippp.p_
307,artsy.help
308,alfial31
309,nicolas_illustrator
310,artbykameronj
311,ezekiel_zechariah_bates
312,suraj887709
313,xpensivetastee
314,kumar786ajay
315,_insta_lime_
316,omar.khattab1
317,lovin_wood_signs
318,coughdroppxr
319,samanta.craft
320,88mcrashbus
321,edboy90
322,dwight_theartist
323,thejadefox03
324,diqdiqdiq9835
325,carlosleyva345
326,sonchandrawing
327,matx.art
328,vonnart
329,trippp.p_
330,artsy.help
331,alfial31
332,nicolas_illustrator
333,artbykameronj
334,ezekiel_zechariah_bates
335,suraj887709
336,xpensivetastee
337,kumar786ajay
338,_insta_lime_
339,omar.khattab1
340,lovin_wood_signs
341,coughdroppxr
342,samanta.craft
343,88mcrashbus
344,edboy90
345,dwight_theartist
346,thejadefox03
347,diqdiqdiq9835
348,carlosleyva345
349,sonchandrawing
350,jazpluscats
351,matx.art
352,vonnart
353,trippp.p_
354,artsy.help
355,alfial31
356,nicolas_illustrator
357,artbykameronj
358,ezekiel_zechariah_bates
359,suraj887709
360,xpensivetastee
361,kumar786ajay
362,_insta_lime_
363,omar.khattab1
364,lovin_wood_signs
365,coughdroppxr
366,samanta.craft
367,88mcrashbus
368,edboy90
369,dwight_theartist
370,thejadefox03
371,diqdiqdiq9835
372,carlosleyva345
373,sonchandrawing
374,jazpluscats
375,aldikawidiansyah
376,matx.art
377,vonnart
378,trippp.p_
379,artsy.help
380,alfial31
381,nicolas_illustrator
382,artbykameronj
383,ezekiel_zechariah_bates
384,suraj887709
385,xpensivetastee
386,kumar786ajay
387,_insta_lime_
388,omar.khattab1
389,lovin_wood_signs
390,coughdroppxr
391,samanta.craft
392,88mcrashbus
393,edboy90
394,dwight_theartist
395,thejadefox03
396,diqdiqdiq9835
397,carlosleyva345
398,sonchandrawing
399,jazpluscats
400,aldikawidiansyah
401,theseasart
402,matx.art
403,vonnart
404,trippp.p_
405,artsy.help
406,alfial31
407,nicolas_illustrator
408,artbykameronj
409,ezekiel_zechariah_bates
410,suraj887709
411,xpensivetastee
412,kumar786ajay
413,_insta_lime_
414,omar.khattab1
415,lovin_wood_signs
416,coughdroppxr
417,samanta.craft
418,88mcrashbus
419,edboy90
420,dwight_theartist
421,thejadefox03
422,diqdiqdiq9835
423,carlosleyva345
424,sonchandrawing
425,jazpluscats
426,aldikawidiansyah
427,theseasart
428,omartpaper
429,matx.art
430,vonnart
431,trippp.p_
432,artsy.help
433,alfial31
434,nicolas_illustrator
435,artbykameronj
436,ezekiel_zechariah_bates
437,suraj887709
438,xpensivetastee
439,kumar786ajay
440,_insta_lime_
441,omar.khattab1
442,lovin_wood_signs
443,coughdroppxr
444,samanta.craft
445,88mcrashbus
446,edboy90
447,dwight_theartist
448,thejadefox03
449,diqdiqdiq9835
450,carlosleyva345
451,sonchandrawing
452,jazpluscats
453,aldikawidiansyah
454,theseasart
455,omartpaper
456,maniacparts
457,matx.art
458,vonnart
459,trippp.p_
460,artsy.help
461,alfial31
462,nicolas_illustrator
463,artbykameronj
464,ezekiel_zechariah_bates
465,suraj887709
466,xpensivetastee
467,kumar786ajay
468,_insta_lime_
469,omar.khattab1
470,lovin_wood_signs
471,coughdroppxr
472,samanta.craft
473,88mcrashbus
474,edboy90
475,dwight_theartist
476,thejadefox03
477,diqdiqdiq9835
478,carlosleyva345
479,sonchandrawing
480,jazpluscats
481,aldikawidiansyah
482,theseasart
483,omartpaper
484,maniacparts
485,nommo_
486,matx.art
487,vonnart
488,trippp.p_
489,artsy.help
490,alfial31
491,nicolas_illustrator
492,artbykameronj
493,ezekiel_zechariah_bates
494,suraj887709
495,xpensivetastee
496,kumar786ajay
497,_insta_lime_
498,omar.khattab1
499,lovin_wood_signs
500,coughdroppxr
501,samanta.craft
502,88mcrashbus
503,edboy90
504,dwight_theartist
505,thejadefox03
506,diqdiqdiq9835
507,carlosleyva345
508,sonchandrawing
509,jazpluscats
510,aldikawidiansyah
511,theseasart
512,omartpaper
513,maniacparts
514,nommo_
515,jaredbradyart
516,matx.art
517,vonnart
518,trippp.p_
519,artsy.help
520,alfial31
521,nicolas_illustrator
522,artbykameronj
523,ezekiel_zechariah_bates
524,suraj887709
525,xpensivetastee
526,kumar786ajay
527,_insta_lime_
528,omar.khattab1
529,lovin_wood_signs
530,coughdroppxr
531,samanta.craft
532,88mcrashbus
533,edboy90
534,dwight_theartist
535,thejadefox03
536,diqdiqdiq9835
537,carlosleyva345
538,sonchandrawing
539,jazpluscats
540,aldikawidiansyah
541,theseasart
542,omartpaper
543,maniacparts
544,nommo_
545,jaredbradyart
546,alissapetelinart
547,matx.art
548,vonnart
549,trippp.p_
550,artsy.help
551,alfial31
552,nicolas_illustrator
553,artbykameronj
554,ezekiel_zechariah_bates
555,suraj887709
556,xpensivetastee
557,kumar786ajay
558,_insta_lime_
559,omar.khattab1
560,lovin_wood_signs
561,coughdroppxr
562,samanta.craft
563,88mcrashbus
564,edboy90
565,dwight_theartist
566,thejadefox03
567,diqdiqdiq9835
568,carlosleyva345
569,sonchandrawing
570,jazpluscats
571,aldikawidiansyah
572,theseasart
573,omartpaper
574,maniacparts
575,nommo_
576,jaredbradyart
577,alissapetelinart
578,matx.art
579,vonnart
580,trippp.p_
581,artsy.help
582,alfial31
583,nicolas_illustrator
584,artbykameronj
585,ezekiel_zechariah_bates
586,suraj887709
587,xpensivetastee
588,kumar786ajay
589,_insta_lime_
590,omar.khattab1
591,lovin_wood_signs
592,coughdroppxr
593,samanta.craft
594,88mcrashbus
595,edboy90
596,dwight_theartist
597,thejadefox03
598,diqdiqdiq9835
599,carlosleyva345
600,sonchandrawing
601,jazpluscats
602,aldikawidiansyah
603,theseasart
604,omartpaper
605,maniacparts
606,nommo_
607,jaredbradyart
608,alissapetelinart
609,alyalyexis2.0
610,matx.art
611,vonnart
612,trippp.p_
613,artsy.help
614,alfial31
615,nicolas_illustrator
616,artbykameronj
617,ezekiel_zechariah_bates
618,suraj887709
619,xpensivetastee
620,kumar786ajay
621,_insta_lime_
622,omar.khattab1
623,lovin_wood_signs
624,coughdroppxr
625,samanta.craft
626,88mcrashbus
627,edboy90
628,dwight_theartist
629,thejadefox03
630,diqdiqdiq9835
631,carlosleyva345
632,sonchandrawing
633,jazpluscats
634,aldikawidiansyah
635,theseasart
636,omartpaper
637,maniacparts
638,nommo_
639,jaredbradyart
640,alissapetelinart
641,alyalyexis2.0
642,rezagolzar4.mrg
643,ethan_eclipse
644,matx.art
645,vonnart
646,trippp.p_
647,artsy.help
648,alfial31
649,nicolas_illustrator
650,artbykameronj
651,ezekiel_zechariah_bates
652,suraj887709
653,xpensivetastee
654,kumar786ajay
655,_insta_lime_
656,omar.khattab1
657,lovin_wood_signs
658,coughdroppxr
659,samanta.craft
660,88mcrashbus
661,edboy90
662,dwight_theartist
663,thejadefox03
664,diqdiqdiq9835
665,carlosleyva345
666,sonchandrawing
667,jazpluscats
668,aldikawidiansyah
669,theseasart
670,omartpaper
671,maniacparts
672,nommo_
673,jaredbradyart
674,alissapetelinart
675,alyalyexis2.0
676,rezagolzar4.mrg
677,ethan_eclipse
678,8amatktr8gggggggggg
679,matx.art
680,vonnart
681,trippp.p_
682,artsy.help
683,alfial31
684,nicolas_illustrator
685,artbykameronj
686,ezekiel_zechariah_bates
687,suraj887709
688,xpensivetastee
689,kumar786ajay
690,_insta_lime_
691,omar.khattab1
692,lovin_wood_signs
693,coughdroppxr
694,samanta.craft
695,88mcrashbus
696,edboy90
697,dwight_theartist
698,thejadefox03
699,diqdiqdiq9835
700,carlosleyva345
701,sonchandrawing
702,jazpluscats
703,aldikawidiansyah
704,theseasart
705,omartpaper
706,maniacparts
707,nommo_
708,jaredbradyart
709,alissapetelinart
710,alyalyexis2.0
711,rezagolzar4.mrg
712,ethan_eclipse
713,8amatktr8gggggggggg
714,aliendiagnosed
715,keiir_k
716,jesus_r_04
717,matx.art
718,vonnart
719,trippp.p_
720,artsy.help
721,alfial31
722,nicolas_illustrator
723,artbykameronj
724,ezekiel_zechariah_bates
725,suraj887709
726,xpensivetastee
727,kumar786ajay
728,_insta_lime_
729,omar.khattab1
730,lovin_wood_signs
731,coughdroppxr
732,samanta.craft
733,88mcrashbus
734,edboy90
735,dwight_theartist
736,thejadefox03
737,diqdiqdiq9835
738,carlosleyva345
739,sonchandrawing
740,jazpluscats
741,aldikawidiansyah
742,theseasart
743,omartpaper
744,maniacparts
745,nommo_
746,jaredbradyart
747,alissapetelinart
748,alyalyexis2.0
749,rezagolzar4.mrg
750,ethan_eclipse
751,8amatktr8gggggggggg
752,aliendiagnosed
753,keiir_k
754,jesus_r_04
755,the_edgiest_username
756,matx.art
757,vonnart
758,trippp.p_
759,artsy.help
760,alfial31
761,nicolas_illustrator
762,artbykameronj
763,ezekiel_zechariah_bates
764,suraj887709
765,xpensivetastee
766,kumar786ajay
767,_insta_lime_
768,omar.khattab1
769,lovin_wood_signs
770,coughdroppxr
771,samanta.craft
772,88mcrashbus
773,edboy90
774,dwight_theartist
775,thejadefox03
776,diqdiqdiq9835
777,carlosleyva345
778,sonchandrawing
779,jazpluscats
780,aldikawidiansyah
781,theseasart
782,omartpaper
783,maniacparts
784,nommo_
785,jaredbradyart
786,alissapetelinart
787,alyalyexis2.0
788,rezagolzar4.mrg
789,ethan_eclipse
790,8amatktr8gggggggggg
791,aliendiagnosed
792,keiir_k
793,jesus_r_04
794,the_edgiest_username
795,bubblegirlart
796,matx.art
797,vonnart
798,trippp.p_
799,artsy.help
800,alfial31
801,nicolas_illustrator
802,artbykameronj
803,ezekiel_zechariah_bates
804,suraj887709
805,xpensivetastee
806,kumar786ajay
807,_insta_lime_
808,omar.khattab1
809,lovin_wood_signs
810,coughdroppxr
811,samanta.craft
812,88mcrashbus
813,edboy90
814,dwight_theartist
815,thejadefox03
816,diqdiqdiq9835
817,carlosleyva345
818,sonchandrawing
819,jazpluscats
820,aldikawidiansyah
821,theseasart
822,omartpaper
823,maniacparts
824,nommo_
825,jaredbradyart
826,alissapetelinart
827,alyalyexis2.0
828,rezagolzar4.mrg
829,ethan_eclipse
830,8amatktr8gggggggggg
831,aliendiagnosed
832,keiir_k
833,jesus_r_04
834,the_edgiest_username
835,bubblegirlart
836,rksartworld
837,matx.art
838,vonnart
839,trippp.p_
840,artsy.help
841,alfial31
842,nicolas_illustrator
843,artbykameronj
844,ezekiel_zechariah_bates
845,suraj887709
846,xpensivetastee
847,kumar786ajay
848,_insta_lime_
849,omar.khattab1
850,lovin_wood_signs
851,coughdroppxr
852,samanta.craft
853,88mcrashbus
854,edboy90
855,dwight_theartist
856,thejadefox03
857,diqdiqdiq9835
858,carlosleyva345
859,sonchandrawing
860,jazpluscats
861,aldikawidiansyah
862,theseasart
863,omartpaper
864,maniacparts
865,nommo_
866,jaredbradyart
867,alissapetelinart
868,alyalyexis2.0
869,rezagolzar4.mrg
870,ethan_eclipse
871,8amatktr8gggggggggg
872,aliendiagnosed
873,keiir_k
874,jesus_r_04
875,the_edgiest_username
876,bubblegirlart
877,rksartworld
878,tondemo_natsuko
879,matx.art
880,vonnart
881,trippp.p_
882,artsy.help
883,alfial31
884,nicolas_illustrator
885,artbykameronj
886,ezekiel_zechariah_bates
887,suraj887709
888,xpensivetastee
889,kumar786ajay
890,_insta_lime_
891,omar.khattab1
892,lovin_wood_signs
893,coughdroppxr
894,samanta.craft
895,88mcrashbus
896,edboy90
897,dwight_theartist
898,thejadefox03
899,diqdiqdiq9835
900,carlosleyva345
901,sonchandrawing
902,jazpluscats
903,aldikawidiansyah
904,theseasart
905,omartpaper
906,maniacparts
907,nommo_
908,jaredbradyart
909,alissapetelinart
910,alyalyexis2.0
911,rezagolzar4.mrg
912,ethan_eclipse
913,8amatktr8gggggggggg
914,aliendiagnosed
915,keiir_k
916,jesus_r_04
917,the_edgiest_username
918,bubblegirlart
919,rksartworld
920,tondemo_natsuko
921,earthsbloomings.art
922,matx.art
923,vonnart
924,trippp.p_
925,artsy.help
926,alfial31
927,nicolas_illustrator
928,artbykameronj
929,ezekiel_zechariah_bates
930,suraj887709
931,xpensivetastee
932,kumar786ajay
933,_insta_lime_
934,omar.khattab1
935,lovin_wood_signs
936,coughdroppxr
937,samanta.craft
938,88mcrashbus
939,edboy90
940,dwight_theartist
941,thejadefox03
942,diqdiqdiq9835
943,carlosleyva345
944,sonchandrawing
945,jazpluscats
946,aldikawidiansyah
947,theseasart
948,omartpaper
949,maniacparts
950,nommo_
951,jaredbradyart
952,alissapetelinart
953,alyalyexis2.0
954,rezagolzar4.mrg
955,ethan_eclipse
956,8amatktr8gggggggggg
957,aliendiagnosed
958,keiir_k
959,jesus_r_04
960,the_edgiest_username
961,bubblegirlart
962,rksartworld
963,tondemo_natsuko
964,earthsbloomings.art
965,adelefanslatinoamerica
966,surrealism.world
967,surrealism.world
968,natgeofineart
969,surrealism.world
970,natgeofineart
971,dustijoyner
972,paintinghyun
973,surrealism.world
974,natgeofineart
975,dustijoyner
976,paintinghyun
977,pleinairmag
978,surrealism.world
979,natgeofineart
980,dustijoyner
981,paintinghyun
982,pleinairmag
983,bethanyvere_art
984,surrealism.world
985,natgeofineart
986,dustijoyner
987,paintinghyun
988,pleinairmag
989,bethanyvere_art
990,elvira_byrnes_art
991,surrealism.world
992,natgeofineart
993,dustijoyner
994,paintinghyun
995,pleinairmag
996,bethanyvere_art
997,elvira_byrnes_art
998,tian_base_wienjaya
999,surrealism.world
1000,natgeofineart
1001,dustijoyner
1002,paintinghyun
1003,pleinairmag
1004,bethanyvere_art
1005,elvira_byrnes_art
1006,tian_base_wienjaya
1007,technoplastique
1008,surrealism.world
1009,natgeofineart
1010,dustijoyner
1011,paintinghyun
1012,pleinairmag
1013,bethanyvere_art
1014,elvira_byrnes_art
1015,tian_base_wienjaya
1016,technoplastique
1017,rensopinto
1018,surrealism.world
1019,natgeofineart
1020,dustijoyner
1021,paintinghyun
1022,pleinairmag
1023,bethanyvere_art
1024,elvira_byrnes_art
1025,tian_base_wienjaya
1026,technoplastique
1027,rensopinto
1028,emi.buzzo
1029,surrealism.world
1030,natgeofineart
1031,dustijoyner
1032,paintinghyun
1033,pleinairmag
1034,bethanyvere_art
1035,elvira_byrnes_art
1036,tian_base_wienjaya
1037,technoplastique
1038,rensopinto
1039,emi.buzzo
1040,dominikakeller
1041,surrealism.world
1042,natgeofineart
1043,dustijoyner
1044,paintinghyun
1045,pleinairmag
1046,bethanyvere_art
1047,elvira_byrnes_art
1048,tian_base_wienjaya
1049,technoplastique
1050,rensopinto
1051,emi.buzzo
1052,dominikakeller
1053,artlimited
1054,surrealism.world
1055,natgeofineart
1056,dustijoyner
1057,paintinghyun
1058,pleinairmag
1059,bethanyvere_art
1060,elvira_byrnes_art
1061,tian_base_wienjaya
1062,technoplastique
1063,rensopinto
1064,emi.buzzo
1065,dominikakeller
1066,artlimited
1067,g5fineart
1068,surrealism.world
1069,natgeofineart
1070,dustijoyner
1071,paintinghyun
1072,pleinairmag
1073,bethanyvere_art
1074,elvira_byrnes_art
1075,tian_base_wienjaya
1076,technoplastique
1077,rensopinto
1078,emi.buzzo
1079,dominikakeller
1080,artlimited
1081,g5fineart
1082,lllleanna
1083,surrealism.world
1084,natgeofineart
1085,dustijoyner
1086,paintinghyun
1087,pleinairmag
1088,bethanyvere_art
1089,elvira_byrnes_art
1090,tian_base_wienjaya
1091,technoplastique
1092,rensopinto
1093,emi.buzzo
1094,dominikakeller
1095,artlimited
1096,g5fineart
1097,lllleanna
1098,surrealism.world
1099,natgeofineart
1100,dustijoyner
1101,paintinghyun
1102,pleinairmag
1103,bethanyvere_art
1104,elvira_byrnes_art
1105,tian_base_wienjaya
1106,technoplastique
1107,rensopinto
1108,emi.buzzo
1109,dominikakeller
1110,artlimited
1111,g5fineart
1112,lllleanna
1113,gp_photo_nyc
1114,surrealism.world
1115,natgeofineart
1116,dustijoyner
1117,paintinghyun
1118,pleinairmag
1119,bethanyvere_art
1120,elvira_byrnes_art
1121,tian_base_wienjaya
1122,technoplastique
1123,rensopinto
1124,emi.buzzo
1125,dominikakeller
1126,artlimited
1127,g5fineart
1128,lllleanna
1129,gp_photo_nyc
1130,jamesholly__jamesholly
1131,surrealism.world
1132,natgeofineart
1133,dustijoyner
1134,paintinghyun
1135,pleinairmag
1136,bethanyvere_art
1137,elvira_byrnes_art
1138,tian_base_wienjaya
1139,technoplastique
1140,rensopinto
1141,emi.buzzo
1142,dominikakeller
1143,artlimited
1144,g5fineart
1145,lllleanna
1146,gp_photo_nyc
1147,jamesholly__jamesholly
1148,coppabernalraul
1149,surrealism.world
1150,natgeofineart
1151,dustijoyner
1152,paintinghyun
1153,pleinairmag
1154,bethanyvere_art
1155,elvira_byrnes_art
1156,tian_base_wienjaya
1157,technoplastique
1158,rensopinto
1159,emi.buzzo
1160,dominikakeller
1161,artlimited
1162,g5fineart
1163,lllleanna
1164,gp_photo_nyc
1165,jamesholly__jamesholly
1166,coppabernalraul
1167,anbu_creations
1168,surrealism.world
1169,natgeofineart
1170,dustijoyner
1171,paintinghyun
1172,pleinairmag
1173,bethanyvere_art
1174,elvira_byrnes_art
1175,tian_base_wienjaya
1176,technoplastique
1177,rensopinto
1178,emi.buzzo
1179,dominikakeller
1180,artlimited
1181,g5fineart
1182,lllleanna
1183,gp_photo_nyc
1184,jamesholly__jamesholly
1185,coppabernalraul
1186,anbu_creations
1187,jonharris_photography
1188,hymantannerartistry
1189,surrealism.world
1190,natgeofineart
1191,dustijoyner
1192,paintinghyun
1193,pleinairmag
1194,bethanyvere_art
1195,elvira_byrnes_art
1196,tian_base_wienjaya
1197,technoplastique
1198,rensopinto
1199,emi.buzzo
1200,dominikakeller
1201,artlimited
1202,g5fineart
1203,lllleanna
1204,gp_photo_nyc
1205,jamesholly__jamesholly
1206,coppabernalraul
1207,anbu_creations
1208,jonharris_photography
1209,hymantannerartistry
1210,surrealism.world
1211,natgeofineart
1212,dustijoyner
1213,paintinghyun
1214,pleinairmag
1215,bethanyvere_art
1216,elvira_byrnes_art
1217,tian_base_wienjaya
1218,technoplastique
1219,rensopinto
1220,emi.buzzo
1221,dominikakeller
1222,artlimited
1223,g5fineart
1224,lllleanna
1225,gp_photo_nyc
1226,jamesholly__jamesholly
1227,coppabernalraul
1228,anbu_creations
1229,jonharris_photography
1230,hymantannerartistry
1231,surrealism.world
1232,natgeofineart
1233,dustijoyner
1234,paintinghyun
1235,pleinairmag
1236,bethanyvere_art
1237,elvira_byrnes_art
1238,tian_base_wienjaya
1239,technoplastique
1240,rensopinto
1241,emi.buzzo
1242,dominikakeller
1243,artlimited
1244,g5fineart
1245,lllleanna
1246,gp_photo_nyc
1247,jamesholly__jamesholly
1248,coppabernalraul
1249,anbu_creations
1250,jonharris_photography
1251,hymantannerartistry
1252,davidrauartist
1253,surrealism.world
1254,natgeofineart
1255,dustijoyner
1256,paintinghyun
1257,pleinairmag
1258,bethanyvere_art
1259,elvira_byrnes_art
1260,tian_base_wienjaya
1261,technoplastique
1262,rensopinto
1263,emi.buzzo
1264,dominikakeller
1265,artlimited
1266,g5fineart
1267,lllleanna
1268,gp_photo_nyc
1269,jamesholly__jamesholly
1270,coppabernalraul
1271,anbu_creations
1272,jonharris_photography
1273,hymantannerartistry
1274,davidrauartist
1275,aesthetica_art
1276,surrealism.world
1277,natgeofineart
1278,dustijoyner
1279,paintinghyun
1280,pleinairmag
1281,bethanyvere_art
1282,elvira_byrnes_art
1283,tian_base_wienjaya
1284,technoplastique
1285,rensopinto
1286,emi.buzzo
1287,dominikakeller
1288,artlimited
1289,g5fineart
1290,lllleanna
1291,gp_photo_nyc
1292,jamesholly__jamesholly
1293,coppabernalraul
1294,anbu_creations
1295,jonharris_photography
1296,hymantannerartistry
1297,davidrauartist
1298,aesthetica_art
1299,micheal.zarowsky
1300,surrealism.world
1301,natgeofineart
1302,dustijoyner
1303,paintinghyun
1304,pleinairmag
1305,bethanyvere_art
1306,elvira_byrnes_art
1307,tian_base_wienjaya
1308,technoplastique
1309,rensopinto
1310,emi.buzzo
1311,dominikakeller
1312,artlimited
1313,g5fineart
1314,lllleanna
1315,gp_photo_nyc
1316,jamesholly__jamesholly
1317,coppabernalraul
1318,anbu_creations
1319,jonharris_photography
1320,hymantannerartistry
1321,davidrauartist
1322,aesthetica_art
1323,micheal.zarowsky
1324,jcs247
1325,surrealism.world
1326,natgeofineart
1327,dustijoyner
1328,paintinghyun
1329,pleinairmag
1330,bethanyvere_art
1331,elvira_byrnes_art
1332,tian_base_wienjaya
1333,technoplastique
1334,rensopinto
1335,emi.buzzo
1336,dominikakeller
1337,artlimited
1338,g5fineart
1339,lllleanna
1340,gp_photo_nyc
1341,jamesholly__jamesholly
1342,coppabernalraul
1343,anbu_creations
1344,jonharris_photography
1345,hymantannerartistry
1346,davidrauartist
1347,aesthetica_art
1348,micheal.zarowsky
1349,jcs247
1350,tracydownhaminteriors
1351,surrealism.world
1352,natgeofineart
1353,dustijoyner
1354,paintinghyun
1355,pleinairmag
1356,bethanyvere_art
1357,elvira_byrnes_art
1358,tian_base_wienjaya
1359,technoplastique
1360,rensopinto
1361,emi.buzzo
1362,dominikakeller
1363,artlimited
1364,g5fineart
1365,lllleanna
1366,gp_photo_nyc
1367,jamesholly__jamesholly
1368,coppabernalraul
1369,anbu_creations
1370,jonharris_photography
1371,hymantannerartistry
1372,davidrauartist
1373,aesthetica_art
1374,micheal.zarowsky
1375,jcs247
1376,tracydownhaminteriors
1377,robertolucchi57
1378,surrealism.world
1379,natgeofineart
1380,dustijoyner
1381,paintinghyun
1382,pleinairmag
1383,bethanyvere_art
1384,elvira_byrnes_art
1385,tian_base_wienjaya
1386,technoplastique
1387,rensopinto
1388,emi.buzzo
1389,dominikakeller
1390,artlimited
1391,g5fineart
1392,lllleanna
1393,gp_photo_nyc
1394,jamesholly__jamesholly
1395,coppabernalraul
1396,anbu_creations
1397,jonharris_photography
1398,hymantannerartistry
1399,davidrauartist
1400,aesthetica_art
1401,micheal.zarowsky
1402,jcs247
1403,tracydownhaminteriors
1404,robertolucchi57
1405,millenialladylazarus
1406,judsart
1407,surrealism.world
1408,natgeofineart
1409,dustijoyner
1410,paintinghyun
1411,pleinairmag
1412,bethanyvere_art
1413,elvira_byrnes_art
1414,tian_base_wienjaya
1415,technoplastique
1416,rensopinto
1417,emi.buzzo
1418,dominikakeller
1419,artlimited
1420,g5fineart
1421,lllleanna
1422,gp_photo_nyc
1423,jamesholly__jamesholly
1424,coppabernalraul
1425,anbu_creations
1426,jonharris_photography
1427,hymantannerartistry
1428,davidrauartist
1429,aesthetica_art
1430,micheal.zarowsky
1431,jcs247
1432,tracydownhaminteriors
1433,robertolucchi57
1434,millenialladylazarus
1435,judsart
1436,li.orange
1437,surrealism.world
1438,natgeofineart
1439,dustijoyner
1440,paintinghyun
1441,pleinairmag
1442,bethanyvere_art
1443,elvira_byrnes_art
1444,tian_base_wienjaya
1445,technoplastique
1446,rensopinto
1447,emi.buzzo
1448,dominikakeller
1449,artlimited
1450,g5fineart
1451,lllleanna
1452,gp_photo_nyc
1453,jamesholly__jamesholly
1454,coppabernalraul
1455,anbu_creations
1456,jonharris_photography
1457,hymantannerartistry
1458,davidrauartist
1459,aesthetica_art
1460,micheal.zarowsky
1461,jcs247
1462,tracydownhaminteriors
1463,robertolucchi57
1464,millenialladylazarus
1465,judsart
1466,li.orange
1467,xi_zhang_artist
1468,surrealism.world
1469,natgeofineart
1470,dustijoyner
1471,paintinghyun
1472,pleinairmag
1473,bethanyvere_art
1474,elvira_byrnes_art
1475,tian_base_wienjaya
1476,technoplastique
1477,rensopinto
1478,emi.buzzo
1479,dominikakeller
1480,artlimited
1481,g5fineart
1482,lllleanna
1483,gp_photo_nyc
1484,jamesholly__jamesholly
1485,coppabernalraul
1486,anbu_creations
1487,jonharris_photography
1488,hymantannerartistry
1489,davidrauartist
1490,aesthetica_art
1491,micheal.zarowsky
1492,jcs247
1493,tracydownhaminteriors
1494,robertolucchi57
1495,millenialladylazarus
1496,judsart
1497,li.orange
1498,xi_zhang_artist
1499,suhee.art
1500,surrealism.world
1501,natgeofineart
1502,dustijoyner
1503,paintinghyun
1504,pleinairmag
1505,bethanyvere_art
1506,elvira_byrnes_art
1507,tian_base_wienjaya
1508,technoplastique
1509,rensopinto
1510,emi.buzzo
1511,dominikakeller
1512,artlimited
1513,g5fineart
1514,lllleanna
1515,gp_photo_nyc
1516,jamesholly__jamesholly
1517,coppabernalraul
1518,anbu_creations
1519,jonharris_photography
1520,hymantannerartistry
1521,davidrauartist
1522,aesthetica_art
1523,micheal.zarowsky
1524,jcs247
1525,tracydownhaminteriors
1526,robertolucchi57
1527,millenialladylazarus
1528,judsart
1529,li.orange
1530,xi_zhang_artist
1531,suhee.art
1532,romanseye
1533,surrealism.world
1534,natgeofineart
1535,dustijoyner
1536,paintinghyun
1537,pleinairmag
1538,bethanyvere_art
1539,elvira_byrnes_art
1540,tian_base_wienjaya
1541,technoplastique
1542,rensopinto
1543,emi.buzzo
1544,dominikakeller
1545,artlimited
1546,g5fineart
1547,lllleanna
1548,gp_photo_nyc
1549,jamesholly__jamesholly
1550,coppabernalraul
1551,anbu_creations
1552,jonharris_photography
1553,hymantannerartistry
1554,davidrauartist
1555,aesthetica_art
1556,micheal.zarowsky
1557,jcs247
1558,tracydownhaminteriors
1559,robertolucchi57
1560,millenialladylazarus
1561,judsart
1562,li.orange
1563,xi_zhang_artist
1564,suhee.art
1565,romanseye
1566,meiaseis_
1567,surrealism.world
1568,natgeofineart
1569,dustijoyner
1570,paintinghyun
1571,pleinairmag
1572,bethanyvere_art
1573,elvira_byrnes_art
1574,tian_base_wienjaya
1575,technoplastique
1576,rensopinto
1577,emi.buzzo
1578,dominikakeller
1579,artlimited
1580,g5fineart
1581,lllleanna
1582,gp_photo_nyc
1583,jamesholly__jamesholly
1584,coppabernalraul
1585,anbu_creations
1586,jonharris_photography
1587,hymantannerartistry
1588,davidrauartist
1589,aesthetica_art
1590,micheal.zarowsky
1591,jcs247
1592,tracydownhaminteriors
1593,robertolucchi57
1594,millenialladylazarus
1595,judsart
1596,li.orange
1597,xi_zhang_artist
1598,suhee.art
1599,romanseye
1600,meiaseis_
1601,lucasburiche
1602,surrealism.world
1603,natgeofineart
1604,dustijoyner
1605,paintinghyun
1606,pleinairmag
1607,bethanyvere_art
1608,elvira_byrnes_art
1609,tian_base_wienjaya
1610,technoplastique
1611,rensopinto
1612,emi.buzzo
1613,dominikakeller
1614,artlimited
1615,g5fineart
1616,lllleanna
1617,gp_photo_nyc
1618,jamesholly__jamesholly
1619,coppabernalraul
1620,anbu_creations
1621,jonharris_photography
1622,hymantannerartistry
1623,davidrauartist
1624,aesthetica_art
1625,micheal.zarowsky
1626,jcs247
1627,tracydownhaminteriors
1628,robertolucchi57
1629,millenialladylazarus
1630,judsart
1631,li.orange
1632,xi_zhang_artist
1633,suhee.art
1634,romanseye
1635,meiaseis_
1636,lucasburiche
1637,jack_balas_artist
1638,surrealism.world
1639,natgeofineart
1640,dustijoyner
1641,paintinghyun
1642,pleinairmag
1643,bethanyvere_art
1644,elvira_byrnes_art
1645,tian_base_wienjaya
1646,technoplastique
1647,rensopinto
1648,emi.buzzo
1649,dominikakeller
1650,artlimited
1651,g5fineart
1652,lllleanna
1653,gp_photo_nyc
1654,jamesholly__jamesholly
1655,coppabernalraul
1656,anbu_creations
1657,jonharris_photography
1658,hymantannerartistry
1659,davidrauartist
1660,aesthetica_art
1661,micheal.zarowsky
1662,jcs247
1663,tracydownhaminteriors
1664,robertolucchi57
1665,millenialladylazarus
1666,judsart
1667,li.orange
1668,xi_zhang_artist
1669,suhee.art
1670,romanseye
1671,meiaseis_
1672,lucasburiche
1673,jack_balas_artist
1674,nathonruehl
1675,surrealism.world
1676,natgeofineart
1677,dustijoyner
1678,paintinghyun
1679,pleinairmag
1680,bethanyvere_art
1681,elvira_byrnes_art
1682,tian_base_wienjaya
1683,technoplastique
1684,rensopinto
1685,emi.buzzo
1686,dominikakeller
1687,artlimited
1688,g5fineart
1689,lllleanna
1690,gp_photo_nyc
1691,jamesholly__jamesholly
1692,coppabernalraul
1693,anbu_creations
1694,jonharris_photography
1695,hymantannerartistry
1696,davidrauartist
1697,aesthetica_art
1698,micheal.zarowsky
1699,jcs247
1700,tracydownhaminteriors
1701,robertolucchi57
1702,millenialladylazarus
1703,judsart
1704,li.orange
1705,xi_zhang_artist
1706,suhee.art
1707,romanseye
1708,meiaseis_
1709,lucasburiche
1710,jack_balas_artist
1711,nathonruehl
1712,slickwatercolors
1713,surrealism.world
1714,natgeofineart
1715,dustijoyner
1716,paintinghyun
1717,pleinairmag
1718,bethanyvere_art
1719,elvira_byrnes_art
1720,tian_base_wienjaya
1721,technoplastique
1722,rensopinto
1723,emi.buzzo
1724,dominikakeller
1725,artlimited
1726,g5fineart
1727,lllleanna
1728,gp_photo_nyc
1729,jamesholly__jamesholly
1730,coppabernalraul
1731,anbu_creations
1732,jonharris_photography
1733,hymantannerartistry
1734,davidrauartist
1735,aesthetica_art
1736,micheal.zarowsky
1737,jcs247
1738,tracydownhaminteriors
1739,robertolucchi57
1740,millenialladylazarus
1741,judsart
1742,li.orange
1743,xi_zhang_artist
1744,suhee.art
1745,romanseye
1746,meiaseis_
1747,lucasburiche
1748,jack_balas_artist
1749,nathonruehl
1750,slickwatercolors
1751,gimging00
1752,surrealism.world
1753,natgeofineart
1754,dustijoyner
1755,paintinghyun
1756,pleinairmag
1757,bethanyvere_art
1758,elvira_byrnes_art
1759,tian_base_wienjaya
1760,technoplastique
1761,rensopinto
1762,emi.buzzo
1763,dominikakeller
1764,artlimited
1765,g5fineart
1766,lllleanna
1767,gp_photo_nyc
1768,jamesholly__jamesholly
1769,coppabernalraul
1770,anbu_creations
1771,jonharris_photography
1772,hymantannerartistry
1773,davidrauartist
1774,aesthetica_art
1775,micheal.zarowsky
1776,jcs247
1777,tracydownhaminteriors
1778,robertolucchi57
1779,millenialladylazarus
1780,judsart
1781,li.orange
1782,xi_zhang_artist
1783,suhee.art
1784,romanseye
1785,meiaseis_
1786,lucasburiche
1787,jack_balas_artist
1788,nathonruehl
1789,slickwatercolors
1790,gimging00
1791,i.shin2
1792,surrealism.world
1793,natgeofineart
1794,dustijoyner
1795,paintinghyun
1796,pleinairmag
1797,bethanyvere_art
1798,elvira_byrnes_art
1799,tian_base_wienjaya
1800,technoplastique
1801,rensopinto
1802,emi.buzzo
1803,dominikakeller
1804,artlimited
1805,g5fineart
1806,lllleanna
1807,gp_photo_nyc
1808,jamesholly__jamesholly
1809,coppabernalraul
1810,anbu_creations
1811,jonharris_photography
1812,hymantannerartistry
1813,davidrauartist
1814,aesthetica_art
1815,micheal.zarowsky
1816,jcs247
1817,tracydownhaminteriors
1818,robertolucchi57
1819,millenialladylazarus
1820,judsart
1821,li.orange
1822,xi_zhang_artist
1823,suhee.art
1824,romanseye
1825,meiaseis_
1826,lucasburiche
1827,jack_balas_artist
1828,nathonruehl
1829,slickwatercolors
1830,gimging00
1831,i.shin2
1832,zaryahoffmanart
1833,surrealism.world
1834,natgeofineart
1835,dustijoyner
1836,paintinghyun
1837,pleinairmag
1838,bethanyvere_art
1839,elvira_byrnes_art
1840,tian_base_wienjaya
1841,technoplastique
1842,rensopinto
1843,emi.buzzo
1844,dominikakeller
1845,artlimited
1846,g5fineart
1847,lllleanna
1848,gp_photo_nyc
1849,jamesholly__jamesholly
1850,coppabernalraul
1851,anbu_creations
1852,jonharris_photography
1853,hymantannerartistry
1854,davidrauartist
1855,aesthetica_art
1856,micheal.zarowsky
1857,jcs247
1858,tracydownhaminteriors
1859,robertolucchi57
1860,millenialladylazarus
1861,judsart
1862,li.orange
1863,xi_zhang_artist
1864,suhee.art
1865,romanseye
1866,meiaseis_
1867,lucasburiche
1868,jack_balas_artist
1869,nathonruehl
1870,slickwatercolors
1871,gimging00
1872,i.shin2
1873,zaryahoffmanart
1874,raimund_voegtle
1875,surrealism.world
1876,natgeofineart
1877,dustijoyner
1878,paintinghyun
1879,pleinairmag
1880,bethanyvere_art
1881,elvira_byrnes_art
1882,tian_base_wienjaya
1883,technoplastique
1884,rensopinto
1885,emi.buzzo
1886,dominikakeller
1887,artlimited
1888,g5fineart
1889,lllleanna
1890,gp_photo_nyc
1891,jamesholly__jamesholly
1892,coppabernalraul
1893,anbu_creations
1894,jonharris_photography
1895,hymantannerartistry
1896,davidrauartist
1897,aesthetica_art
1898,micheal.zarowsky
1899,jcs247
1900,tracydownhaminteriors
1901,robertolucchi57
1902,millenialladylazarus
1903,judsart
1904,li.orange
1905,xi_zhang_artist
1906,suhee.art
1907,romanseye
1908,meiaseis_
1909,lucasburiche
1910,jack_balas_artist
1911,nathonruehl
1912,slickwatercolors
1913,gimging00
1914,i.shin2
1915,zaryahoffmanart
1916,raimund_voegtle
1917,twenty.seven_club
1918,atypic_art
1919,atypic_art
1920,jeremyrduncan
1921,atypic_art
1922,jeremyrduncan
1923,timcoxfineart
1924,atypic_art
1925,jeremyrduncan
1926,timcoxfineart
1927,edward.duff
1928,atypic_art
1929,jeremyrduncan
1930,timcoxfineart
1931,edward.duff
1932,atypic_art
1933,jeremyrduncan
1934,timcoxfineart
1935,edward.duff
1936,skullis_official
1937,fucking_good_actors
1938,adrigrifol
1939,fucking_good_actors
1940,adrigrifol
1941,jinzbr
1942,walruswheedchick
1943,nicolatanzini
1944,fucking_good_actors
1945,adrigrifol
1946,jinzbr
1947,walruswheedchick
1948,nicolatanzini
1949,kanchangy
1950,olga_osnach_art
1951,fucking_good_actors
1952,adrigrifol
1953,jinzbr
1954,walruswheedchick
1955,nicolatanzini
1956,kanchangy
1957,olga_osnach_art
1958,heirspace
1959,fucking_good_actors
1960,adrigrifol
1961,jinzbr
1962,walruswheedchick
1963,nicolatanzini
1964,kanchangy
1965,olga_osnach_art
1966,heirspace
1967,jetztkunst
1968,fucking_good_actors
1969,adrigrifol
1970,jinzbr
1971,walruswheedchick
1972,nicolatanzini
1973,kanchangy
1974,olga_osnach_art
1975,heirspace
1976,jetztkunst
1977,sepidgraphic
1978,fucking_good_actors
1979,adrigrifol
1980,jinzbr
1981,walruswheedchick
1982,nicolatanzini
1983,kanchangy
1984,olga_osnach_art
1985,heirspace
1986,jetztkunst
1987,sepidgraphic
1988,desyinart
1989,neckartent
1990,fucking_good_actors
1991,adrigrifol
1992,jinzbr
1993,walruswheedchick
1994,nicolatanzini
1995,kanchangy
1996,olga_osnach_art
1997,heirspace
1998,jetztkunst
1999,sepidgraphic
2000,desyinart
2001,neckartent
2002,tazzking69
2003,chenfredo
2004,fucking_good_actors
2005,adrigrifol
2006,jinzbr
2007,walruswheedchick
2008,nicolatanzini
2009,kanchangy
2010,olga_osnach_art
2011,heirspace
2012,jetztkunst
2013,sepidgraphic
2014,desyinart
2015,neckartent
2016,tazzking69
2017,chenfredo
2018,noaelharartist
2019,fucking_good_actors
2020,adrigrifol
2021,jinzbr
2022,walruswheedchick
2023,nicolatanzini
2024,kanchangy
2025,olga_osnach_art
2026,heirspace
2027,jetztkunst
2028,sepidgraphic
2029,desyinart
2030,neckartent
2031,tazzking69
2032,chenfredo
2033,noaelharartist
2034,aramintacadwallader
2035,fucking_good_actors
2036,adrigrifol
2037,jinzbr
2038,walruswheedchick
2039,nicolatanzini
2040,kanchangy
2041,olga_osnach_art
2042,heirspace
2043,jetztkunst
2044,sepidgraphic
2045,desyinart
2046,neckartent
2047,tazzking69
2048,chenfredo
2049,noaelharartist
2050,aramintacadwallader
2051,ben.donath.photography
2052,fucking_good_actors
2053,adrigrifol
2054,jinzbr
2055,walruswheedchick
2056,nicolatanzini
2057,kanchangy
2058,olga_osnach_art
2059,heirspace
2060,jetztkunst
2061,sepidgraphic
2062,desyinart
2063,neckartent
2064,tazzking69
2065,chenfredo
2066,noaelharartist
2067,aramintacadwallader
2068,ben.donath.photography
2069,fraserrenton
2070,fucking_good_actors
2071,adrigrifol
2072,jinzbr
2073,walruswheedchick
2074,nicolatanzini
2075,kanchangy
2076,olga_osnach_art
2077,heirspace
2078,jetztkunst
2079,sepidgraphic
2080,desyinart
2081,neckartent
2082,tazzking69
2083,chenfredo
2084,noaelharartist
2085,aramintacadwallader
2086,ben.donath.photography
2087,fraserrenton
2088,fucking_good_actors
2089,adrigrifol
2090,jinzbr
2091,walruswheedchick
2092,nicolatanzini
2093,kanchangy
2094,olga_osnach_art
2095,heirspace
2096,jetztkunst
2097,sepidgraphic
2098,desyinart
2099,neckartent
2100,tazzking69
2101,chenfredo
2102,noaelharartist
2103,aramintacadwallader
2104,ben.donath.photography
2105,fraserrenton
2106,fedasei
2107,fucking_good_actors
2108,adrigrifol
2109,jinzbr
2110,walruswheedchick
2111,nicolatanzini
2112,kanchangy
2113,olga_osnach_art
2114,heirspace
2115,jetztkunst
2116,sepidgraphic
2117,desyinart
2118,neckartent
2119,tazzking69
2120,chenfredo
2121,noaelharartist
2122,aramintacadwallader
2123,ben.donath.photography
2124,fraserrenton
2125,fedasei
2126,amandaweigallery
2127,fucking_good_actors
2128,adrigrifol
2129,jinzbr
2130,walruswheedchick
2131,nicolatanzini
2132,kanchangy
2133,olga_osnach_art
2134,heirspace
2135,jetztkunst
2136,sepidgraphic
2137,desyinart
2138,neckartent
2139,tazzking69
2140,chenfredo
2141,noaelharartist
2142,aramintacadwallader
2143,ben.donath.photography
2144,fraserrenton
2145,fedasei
2146,amandaweigallery
2147,fucking_good_actors
2148,adrigrifol
2149,jinzbr
2150,walruswheedchick
2151,nicolatanzini
2152,kanchangy
2153,olga_osnach_art
2154,heirspace
2155,jetztkunst
2156,sepidgraphic
2157,desyinart
2158,neckartent
2159,tazzking69
2160,chenfredo
2161,noaelharartist
2162,aramintacadwallader
2163,ben.donath.photography
2164,fraserrenton
2165,fedasei
2166,amandaweigallery
2167,fucking_good_actors
2168,adrigrifol
2169,jinzbr
2170,walruswheedchick
2171,nicolatanzini
2172,kanchangy
2173,olga_osnach_art
2174,heirspace
2175,jetztkunst
2176,sepidgraphic
2177,desyinart
2178,neckartent
2179,tazzking69
2180,chenfredo
2181,noaelharartist
2182,aramintacadwallader
2183,ben.donath.photography
2184,fraserrenton
2185,fedasei
2186,amandaweigallery
2187,kandypirate
2188,fucking_good_actors
2189,adrigrifol
2190,jinzbr
2191,walruswheedchick
2192,nicolatanzini
2193,kanchangy
2194,olga_osnach_art
2195,heirspace
2196,jetztkunst
2197,sepidgraphic
2198,desyinart
2199,neckartent
2200,tazzking69
2201,chenfredo
2202,noaelharartist
2203,aramintacadwallader
2204,ben.donath.photography
2205,fraserrenton
2206,fedasei
2207,amandaweigallery
2208,kandypirate
2209,aquietbeing
2210,fucking_good_actors
2211,adrigrifol
2212,jinzbr
2213,walruswheedchick
2214,nicolatanzini
2215,kanchangy
2216,olga_osnach_art
2217,heirspace
2218,jetztkunst
2219,sepidgraphic
2220,desyinart
2221,neckartent
2222,tazzking69
2223,chenfredo
2224,noaelharartist
2225,aramintacadwallader
2226,ben.donath.photography
2227,fraserrenton
2228,fedasei
2229,amandaweigallery
2230,kandypirate
2231,aquietbeing
2232,fucking_good_actors
2233,adrigrifol
2234,jinzbr
2235,walruswheedchick
2236,nicolatanzini
2237,kanchangy
2238,olga_osnach_art
2239,heirspace
2240,jetztkunst
2241,sepidgraphic
2242,desyinart
2243,neckartent
2244,tazzking69
2245,chenfredo
2246,noaelharartist
2247,aramintacadwallader
2248,ben.donath.photography
2249,fraserrenton
2250,fedasei
2251,amandaweigallery
2252,kandypirate
2253,aquietbeing
2254,fucking_good_actors
2255,adrigrifol
2256,jinzbr
2257,walruswheedchick
2258,nicolatanzini
2259,kanchangy
2260,olga_osnach_art
2261,heirspace
2262,jetztkunst
2263,sepidgraphic
2264,desyinart
2265,neckartent
2266,tazzking69
2267,chenfredo
2268,noaelharartist
2269,aramintacadwallader
2270,ben.donath.photography
2271,fraserrenton
2272,fedasei
2273,amandaweigallery
2274,kandypirate
2275,aquietbeing
2276,olga.ibadullayeva
2277,ericdangers
2278,fucking_good_actors
2279,adrigrifol
2280,jinzbr
2281,walruswheedchick
2282,nicolatanzini
2283,kanchangy
2284,olga_osnach_art
2285,heirspace
2286,jetztkunst
2287,sepidgraphic
2288,desyinart
2289,neckartent
2290,tazzking69
2291,chenfredo
2292,noaelharartist
2293,aramintacadwallader
2294,ben.donath.photography
2295,fraserrenton
2296,fedasei
2297,amandaweigallery
2298,kandypirate
2299,aquietbeing
2300,olga.ibadullayeva
2301,ericdangers
2302,roohanroo
2303,fucking_good_actors
2304,adrigrifol
2305,jinzbr
2306,walruswheedchick
2307,nicolatanzini
2308,kanchangy
2309,olga_osnach_art
2310,heirspace
2311,jetztkunst
2312,sepidgraphic
2313,desyinart
2314,neckartent
2315,tazzking69
2316,chenfredo
2317,noaelharartist
2318,aramintacadwallader
2319,ben.donath.photography
2320,fraserrenton
2321,fedasei
2322,amandaweigallery
2323,kandypirate
2324,aquietbeing
2325,olga.ibadullayeva
2326,ericdangers
2327,roohanroo
2328,kate78593
2329,fucking_good_actors
2330,adrigrifol
2331,jinzbr
2332,walruswheedchick
2333,nicolatanzini
2334,kanchangy
2335,olga_osnach_art
2336,heirspace
2337,jetztkunst
2338,sepidgraphic
2339,desyinart
2340,neckartent
2341,tazzking69
2342,chenfredo
2343,noaelharartist
2344,aramintacadwallader
2345,ben.donath.photography
2346,fraserrenton
2347,fedasei
2348,amandaweigallery
2349,kandypirate
2350,aquietbeing
2351,olga.ibadullayeva
2352,ericdangers
2353,roohanroo
2354,kate78593
2355,carolinesmail.art
2356,fucking_good_actors
2357,adrigrifol
2358,jinzbr
2359,walruswheedchick
2360,nicolatanzini
2361,kanchangy
2362,olga_osnach_art
2363,heirspace
2364,jetztkunst
2365,sepidgraphic
2366,desyinart
2367,neckartent
2368,tazzking69
2369,chenfredo
2370,noaelharartist
2371,aramintacadwallader
2372,ben.donath.photography
2373,fraserrenton
2374,fedasei
2375,amandaweigallery
2376,kandypirate
2377,aquietbeing
2378,olga.ibadullayeva
2379,ericdangers
2380,roohanroo
2381,kate78593
2382,carolinesmail.art
2383,diedhees
2384,fucking_good_actors
2385,adrigrifol
2386,jinzbr
2387,walruswheedchick
2388,nicolatanzini
2389,kanchangy
2390,olga_osnach_art
2391,heirspace
2392,jetztkunst
2393,sepidgraphic
2394,desyinart
2395,neckartent
2396,tazzking69
2397,chenfredo
2398,noaelharartist
2399,aramintacadwallader
2400,ben.donath.photography
2401,fraserrenton
2402,fedasei
2403,amandaweigallery
2404,kandypirate
2405,aquietbeing
2406,olga.ibadullayeva
2407,ericdangers
2408,roohanroo
2409,kate78593
2410,carolinesmail.art
2411,diedhees
2412,olga_ibadullayeva
2413,juicypechedesigns
2414,fucking_good_actors
2415,adrigrifol
2416,jinzbr
2417,walruswheedchick
2418,nicolatanzini
2419,kanchangy
2420,olga_osnach_art
2421,heirspace
2422,jetztkunst
2423,sepidgraphic
2424,desyinart
2425,neckartent
2426,tazzking69
2427,chenfredo
2428,noaelharartist
2429,aramintacadwallader
2430,ben.donath.photography
2431,fraserrenton
2432,fedasei
2433,amandaweigallery
2434,kandypirate
2435,aquietbeing
2436,olga.ibadullayeva
2437,ericdangers
2438,roohanroo
2439,kate78593
2440,carolinesmail.art
2441,diedhees
2442,olga_ibadullayeva
2443,juicypechedesigns
2444,john_gubertini_ph
2445,fucking_good_actors
2446,adrigrifol
2447,jinzbr
2448,walruswheedchick
2449,nicolatanzini
2450,kanchangy
2451,olga_osnach_art
2452,heirspace
2453,jetztkunst
2454,sepidgraphic
2455,desyinart
2456,neckartent
2457,tazzking69
2458,chenfredo
2459,noaelharartist
2460,aramintacadwallader
2461,ben.donath.photography
2462,fraserrenton
2463,fedasei
2464,amandaweigallery
2465,kandypirate
2466,aquietbeing
2467,olga.ibadullayeva
2468,ericdangers
2469,roohanroo
2470,kate78593
2471,carolinesmail.art
2472,diedhees
2473,olga_ibadullayeva
2474,juicypechedesigns
2475,john_gubertini_ph
2476,nhttan
2477,fucking_good_actors
2478,adrigrifol
2479,jinzbr
2480,walruswheedchick
2481,nicolatanzini
2482,kanchangy
2483,olga_osnach_art
2484,heirspace
2485,jetztkunst
2486,sepidgraphic
2487,desyinart
2488,neckartent
2489,tazzking69
2490,chenfredo
2491,noaelharartist
2492,aramintacadwallader
2493,ben.donath.photography
2494,fraserrenton
2495,fedasei
2496,amandaweigallery
2497,kandypirate
2498,aquietbeing
2499,olga.ibadullayeva
2500,ericdangers
2501,roohanroo
2502,kate78593
2503,carolinesmail.art
2504,diedhees
2505,olga_ibadullayeva
2506,juicypechedesigns
2507,john_gubertini_ph
2508,nhttan
2509,collageartists
2510,fucking_good_actors
2511,adrigrifol
2512,jinzbr
2513,walruswheedchick
2514,nicolatanzini
2515,kanchangy
2516,olga_osnach_art
2517,heirspace
2518,jetztkunst
2519,sepidgraphic
2520,desyinart
2521,neckartent
2522,tazzking69
2523,chenfredo
2524,noaelharartist
2525,aramintacadwallader
2526,ben.donath.photography
2527,fraserrenton
2528,fedasei
2529,amandaweigallery
2530,kandypirate
2531,aquietbeing
2532,olga.ibadullayeva
2533,ericdangers
2534,roohanroo
2535,kate78593
2536,carolinesmail.art
2537,diedhees
2538,olga_ibadullayeva
2539,juicypechedesigns
2540,john_gubertini_ph
2541,nhttan
2542,collageartists
2543,dreams_for_skills_magazine
2544,fucking_good_actors
2545,adrigrifol
2546,jinzbr
2547,walruswheedchick
2548,nicolatanzini
2549,kanchangy
2550,olga_osnach_art
2551,heirspace
2552,jetztkunst
2553,sepidgraphic
2554,desyinart
2555,neckartent
2556,tazzking69
2557,chenfredo
2558,noaelharartist
2559,aramintacadwallader
2560,ben.donath.photography
2561,fraserrenton
2562,fedasei
2563,amandaweigallery
2564,kandypirate
2565,aquietbeing
2566,olga.ibadullayeva
2567,ericdangers
2568,roohanroo
2569,kate78593
2570,carolinesmail.art
2571,diedhees
2572,olga_ibadullayeva
2573,juicypechedesigns
2574,john_gubertini_ph
2575,nhttan
2576,collageartists
2577,dreams_for_skills_magazine
2578,early_worm_
2579,fucking_good_actors
2580,adrigrifol
2581,jinzbr
2582,walruswheedchick
2583,nicolatanzini
2584,kanchangy
2585,olga_osnach_art
2586,heirspace
2587,jetztkunst
2588,sepidgraphic
2589,desyinart
2590,neckartent
2591,tazzking69
2592,chenfredo
2593,noaelharartist
2594,aramintacadwallader
2595,ben.donath.photography
2596,fraserrenton
2597,fedasei
2598,amandaweigallery
2599,kandypirate
2600,aquietbeing
2601,olga.ibadullayeva
2602,ericdangers
2603,roohanroo
2604,kate78593
2605,carolinesmail.art
2606,diedhees
2607,olga_ibadullayeva
2608,juicypechedesigns
2609,john_gubertini_ph
2610,nhttan
2611,collageartists
2612,dreams_for_skills_magazine
2613,early_worm_
2614,dorothy_ganek
2615,fucking_good_actors
2616,adrigrifol
2617,jinzbr
2618,walruswheedchick
2619,nicolatanzini
2620,kanchangy
2621,olga_osnach_art
2622,heirspace
2623,jetztkunst
2624,sepidgraphic
2625,desyinart
2626,neckartent
2627,tazzking69
2628,chenfredo
2629,noaelharartist
2630,aramintacadwallader
2631,ben.donath.photography
2632,fraserrenton
2633,fedasei
2634,amandaweigallery
2635,kandypirate
2636,aquietbeing
2637,olga.ibadullayeva
2638,ericdangers
2639,roohanroo
2640,kate78593
2641,carolinesmail.art
2642,diedhees
2643,olga_ibadullayeva
2644,juicypechedesigns
2645,john_gubertini_ph
2646,nhttan
2647,collageartists
2648,dreams_for_skills_magazine
2649,early_worm_
2650,dorothy_ganek
2651,noahverrier
2652,fucking_good_actors
2653,adrigrifol
2654,jinzbr
2655,walruswheedchick
2656,nicolatanzini
2657,kanchangy
2658,olga_osnach_art
2659,heirspace
2660,jetztkunst
2661,sepidgraphic
2662,desyinart
2663,neckartent
2664,tazzking69
2665,chenfredo
2666,noaelharartist
2667,aramintacadwallader
2668,ben.donath.photography
2669,fraserrenton
2670,fedasei
2671,amandaweigallery
2672,kandypirate
2673,aquietbeing
2674,olga.ibadullayeva
2675,ericdangers
2676,roohanroo
2677,kate78593
2678,carolinesmail.art
2679,diedhees
2680,olga_ibadullayeva
2681,juicypechedesigns
2682,john_gubertini_ph
2683,nhttan
2684,collageartists
2685,dreams_for_skills_magazine
2686,early_worm_
2687,dorothy_ganek
2688,noahverrier
2689,michaelhedgesart
2690,fucking_good_actors
2691,adrigrifol
2692,jinzbr
2693,walruswheedchick
2694,nicolatanzini
2695,kanchangy
2696,olga_osnach_art
2697,heirspace
2698,jetztkunst
2699,sepidgraphic
2700,desyinart
2701,neckartent
2702,tazzking69
2703,chenfredo
2704,noaelharartist
2705,aramintacadwallader
2706,ben.donath.photography
2707,fraserrenton
2708,fedasei
2709,amandaweigallery
2710,kandypirate
2711,aquietbeing
2712,olga.ibadullayeva
2713,ericdangers
2714,roohanroo
2715,kate78593
2716,carolinesmail.art
2717,diedhees
2718,olga_ibadullayeva
2719,juicypechedesigns
2720,john_gubertini_ph
2721,nhttan
2722,collageartists
2723,dreams_for_skills_magazine
2724,early_worm_
2725,dorothy_ganek
2726,noahverrier
2727,michaelhedgesart
2728,fucking_good_actors
2729,adrigrifol
2730,jinzbr
2731,walruswheedchick
2732,nicolatanzini
2733,kanchangy
2734,olga_osnach_art
2735,heirspace
2736,jetztkunst
2737,sepidgraphic
2738,desyinart
2739,neckartent
2740,tazzking69
2741,chenfredo
2742,noaelharartist
2743,aramintacadwallader
2744,ben.donath.photography
2745,fraserrenton
2746,fedasei
2747,amandaweigallery
2748,kandypirate
2749,aquietbeing
2750,olga.ibadullayeva
2751,ericdangers
2752,roohanroo
2753,kate78593
2754,carolinesmail.art
2755,diedhees
2756,olga_ibadullayeva
2757,juicypechedesigns
2758,john_gubertini_ph
2759,nhttan
2760,collageartists
2761,dreams_for_skills_magazine
2762,early_worm_
2763,dorothy_ganek
2764,noahverrier
2765,michaelhedgesart
2766,arte_mx
2767,solandergallery
2768,fucking_good_actors
2769,adrigrifol
2770,jinzbr
2771,walruswheedchick
2772,nicolatanzini
2773,kanchangy
2774,olga_osnach_art
2775,heirspace
2776,jetztkunst
2777,sepidgraphic
2778,desyinart
2779,neckartent
2780,tazzking69
2781,chenfredo
2782,noaelharartist
2783,aramintacadwallader
2784,ben.donath.photography
2785,fraserrenton
2786,fedasei
2787,amandaweigallery
2788,kandypirate
2789,aquietbeing
2790,olga.ibadullayeva
2791,ericdangers
2792,roohanroo
2793,kate78593
2794,carolinesmail.art
2795,diedhees
2796,olga_ibadullayeva
2797,juicypechedesigns
2798,john_gubertini_ph
2799,nhttan
2800,collageartists
2801,dreams_for_skills_magazine
2802,early_worm_
2803,dorothy_ganek
2804,noahverrier
2805,michaelhedgesart
2806,arte_mx
2807,solandergallery
2808,tina.bosse
2809,fucking_good_actors
2810,adrigrifol
2811,jinzbr
2812,walruswheedchick
2813,nicolatanzini
2814,kanchangy
2815,olga_osnach_art
2816,heirspace
2817,jetztkunst
2818,sepidgraphic
2819,desyinart
2820,neckartent
2821,tazzking69
2822,chenfredo
2823,noaelharartist
2824,aramintacadwallader
2825,ben.donath.photography
2826,fraserrenton
2827,fedasei
2828,amandaweigallery
2829,kandypirate
2830,aquietbeing
2831,olga.ibadullayeva
2832,ericdangers
2833,roohanroo
2834,kate78593
2835,carolinesmail.art
2836,diedhees
2837,olga_ibadullayeva
2838,juicypechedesigns
2839,john_gubertini_ph
2840,nhttan
2841,collageartists
2842,dreams_for_skills_magazine
2843,early_worm_
2844,dorothy_ganek
2845,noahverrier
2846,michaelhedgesart
2847,arte_mx
2848,solandergallery
2849,tina.bosse
2850,javierlewin.arte
2851,fucking_good_actors
2852,adrigrifol
2853,jinzbr
2854,walruswheedchick
2855,nicolatanzini
2856,kanchangy
2857,olga_osnach_art
2858,heirspace
2859,jetztkunst
2860,sepidgraphic
2861,desyinart
2862,neckartent
2863,tazzking69
2864,chenfredo
2865,noaelharartist
2866,aramintacadwallader
2867,ben.donath.photography
2868,fraserrenton
2869,fedasei
2870,amandaweigallery
2871,kandypirate
2872,aquietbeing
2873,olga.ibadullayeva
2874,ericdangers
2875,roohanroo
2876,kate78593
2877,carolinesmail.art
2878,diedhees
2879,olga_ibadullayeva
2880,juicypechedesigns
2881,john_gubertini_ph
2882,nhttan
2883,collageartists
2884,dreams_for_skills_magazine
2885,early_worm_
2886,dorothy_ganek
2887,noahverrier
2888,michaelhedgesart
2889,arte_mx
2890,solandergallery
2891,tina.bosse
2892,javierlewin.arte
2893,artbycastellanos
2894,fucking_good_actors
2895,adrigrifol
2896,jinzbr
2897,walruswheedchick
2898,nicolatanzini
2899,kanchangy
2900,olga_osnach_art
2901,heirspace
2902,jetztkunst
2903,sepidgraphic
2904,desyinart
2905,neckartent
2906,tazzking69
2907,chenfredo
2908,noaelharartist
2909,aramintacadwallader
2910,ben.donath.photography
2911,fraserrenton
2912,fedasei
2913,amandaweigallery
2914,kandypirate
2915,aquietbeing
2916,olga.ibadullayeva
2917,ericdangers
2918,roohanroo
2919,kate78593
2920,carolinesmail.art
2921,diedhees
2922,olga_ibadullayeva
2923,juicypechedesigns
2924,john_gubertini_ph
2925,nhttan
2926,collageartists
2927,dreams_for_skills_magazine
2928,early_worm_
2929,dorothy_ganek
2930,noahverrier
2931,michaelhedgesart
2932,arte_mx
2933,solandergallery
2934,tina.bosse
2935,javierlewin.arte
2936,artbycastellanos
2937,fondazionebrodbeck
2938,fucking_good_actors
2939,adrigrifol
2940,jinzbr
2941,walruswheedchick
2942,nicolatanzini
2943,kanchangy
2944,olga_osnach_art
2945,heirspace
2946,jetztkunst
2947,sepidgraphic
2948,desyinart
2949,neckartent
2950,tazzking69
2951,chenfredo
2952,noaelharartist
2953,aramintacadwallader
2954,ben.donath.photography
2955,fraserrenton
2956,fedasei
2957,amandaweigallery
2958,kandypirate
2959,aquietbeing
2960,olga.ibadullayeva
2961,ericdangers
2962,roohanroo
2963,kate78593
2964,carolinesmail.art
2965,diedhees
2966,olga_ibadullayeva
2967,juicypechedesigns
2968,john_gubertini_ph
2969,nhttan
2970,collageartists
2971,dreams_for_skills_magazine
2972,early_worm_
2973,dorothy_ganek
2974,noahverrier
2975,michaelhedgesart
2976,arte_mx
2977,solandergallery
2978,tina.bosse
2979,javierlewin.arte
2980,artbycastellanos
2981,fondazionebrodbeck
2982,greensofagallery
2983,fucking_good_actors
2984,adrigrifol
2985,jinzbr
2986,walruswheedchick
2987,nicolatanzini
2988,kanchangy
2989,olga_osnach_art
2990,heirspace
2991,jetztkunst
2992,sepidgraphic
2993,desyinart
2994,neckartent
2995,tazzking69
2996,chenfredo
2997,noaelharartist
2998,aramintacadwallader
2999,ben.donath.photography
3000,fraserrenton
3001,fedasei
3002,amandaweigallery
3003,kandypirate
3004,aquietbeing
3005,olga.ibadullayeva
3006,ericdangers
3007,roohanroo
3008,kate78593
3009,carolinesmail.art
3010,diedhees
3011,olga_ibadullayeva
3012,juicypechedesigns
3013,john_gubertini_ph
3014,nhttan
3015,collageartists
3016,dreams_for_skills_magazine
3017,early_worm_
3018,dorothy_ganek
3019,noahverrier
3020,michaelhedgesart
3021,arte_mx
3022,solandergallery
3023,tina.bosse
3024,javierlewin.arte
3025,artbycastellanos
3026,fondazionebrodbeck
3027,greensofagallery
3028,rev_yan_art
3029,fucking_good_actors
3030,adrigrifol
3031,jinzbr
3032,walruswheedchick
3033,nicolatanzini
3034,kanchangy
3035,olga_osnach_art
3036,heirspace
3037,jetztkunst
3038,sepidgraphic
3039,desyinart
3040,neckartent
3041,tazzking69
3042,chenfredo
3043,noaelharartist
3044,aramintacadwallader
3045,ben.donath.photography
3046,fraserrenton
3047,fedasei
3048,amandaweigallery
3049,kandypirate
3050,aquietbeing
3051,olga.ibadullayeva
3052,ericdangers
3053,roohanroo
3054,kate78593
3055,carolinesmail.art
3056,diedhees
3057,olga_ibadullayeva
3058,juicypechedesigns
3059,john_gubertini_ph
3060,nhttan
3061,collageartists
3062,dreams_for_skills_magazine
3063,early_worm_
3064,dorothy_ganek
3065,noahverrier
3066,michaelhedgesart
3067,arte_mx
3068,solandergallery
3069,tina.bosse
3070,javierlewin.arte
3071,artbycastellanos
3072,fondazionebrodbeck
3073,greensofagallery
3074,rev_yan_art
3075,kamarou_art
3076,veroniquedumont.vd
3077,fucking_good_actors
3078,adrigrifol
3079,jinzbr
3080,walruswheedchick
3081,nicolatanzini
3082,kanchangy
3083,olga_osnach_art
3084,heirspace
3085,jetztkunst
3086,sepidgraphic
3087,desyinart
3088,neckartent
3089,tazzking69
3090,chenfredo
3091,noaelharartist
3092,aramintacadwallader
3093,ben.donath.photography
3094,fraserrenton
3095,fedasei
3096,amandaweigallery
3097,kandypirate
3098,aquietbeing
3099,olga.ibadullayeva
3100,ericdangers
3101,roohanroo
3102,kate78593
3103,carolinesmail.art
3104,diedhees
3105,olga_ibadullayeva
3106,juicypechedesigns
3107,john_gubertini_ph
3108,nhttan
3109,collageartists
3110,dreams_for_skills_magazine
3111,early_worm_
3112,dorothy_ganek
3113,noahverrier
3114,michaelhedgesart
3115,arte_mx
3116,solandergallery
3117,tina.bosse
3118,javierlewin.arte
3119,artbycastellanos
3120,fondazionebrodbeck
3121,greensofagallery
3122,rev_yan_art
3123,kamarou_art
3124,veroniquedumont.vd
3125,vanessa_durantet
3126,fucking_good_actors
3127,adrigrifol
3128,jinzbr
3129,walruswheedchick
3130,nicolatanzini
3131,kanchangy
3132,olga_osnach_art
3133,heirspace
3134,jetztkunst
3135,sepidgraphic
3136,desyinart
3137,neckartent
3138,tazzking69
3139,chenfredo
3140,noaelharartist
3141,aramintacadwallader
3142,ben.donath.photography
3143,fraserrenton
3144,fedasei
3145,amandaweigallery
3146,kandypirate
3147,aquietbeing
3148,olga.ibadullayeva
3149,ericdangers
3150,roohanroo
3151,kate78593
3152,carolinesmail.art
3153,diedhees
3154,olga_ibadullayeva
3155,juicypechedesigns
3156,john_gubertini_ph
3157,nhttan
3158,collageartists
3159,dreams_for_skills_magazine
3160,early_worm_
3161,dorothy_ganek
3162,noahverrier
3163,michaelhedgesart
3164,arte_mx
3165,solandergallery
3166,tina.bosse
3167,javierlewin.arte
3168,artbycastellanos
3169,fondazionebrodbeck
3170,greensofagallery
3171,rev_yan_art
3172,kamarou_art
3173,veroniquedumont.vd
3174,vanessa_durantet
3175,makareart
3176,fucking_good_actors
3177,adrigrifol
3178,jinzbr
3179,walruswheedchick
3180,nicolatanzini
3181,kanchangy
3182,olga_osnach_art
3183,heirspace
3184,jetztkunst
3185,sepidgraphic
3186,desyinart
3187,neckartent
3188,tazzking69
3189,chenfredo
3190,noaelharartist
3191,aramintacadwallader
3192,ben.donath.photography
3193,fraserrenton
3194,fedasei
3195,amandaweigallery
3196,kandypirate
3197,aquietbeing
3198,olga.ibadullayeva
3199,ericdangers
3200,roohanroo
3201,kate78593
3202,carolinesmail.art
3203,diedhees
3204,olga_ibadullayeva
3205,juicypechedesigns
3206,john_gubertini_ph
3207,nhttan
3208,collageartists
3209,dreams_for_skills_magazine
3210,early_worm_
3211,dorothy_ganek
3212,noahverrier
3213,michaelhedgesart
3214,arte_mx
3215,solandergallery
3216,tina.bosse
3217,javierlewin.arte
3218,artbycastellanos
3219,fondazionebrodbeck
3220,greensofagallery
3221,rev_yan_art
3222,kamarou_art
3223,veroniquedumont.vd
3224,vanessa_durantet
3225,makareart
3226,amit_roachthavilit
3227,fucking_good_actors
3228,adrigrifol
3229,jinzbr
3230,walruswheedchick
3231,nicolatanzini
3232,kanchangy
3233,olga_osnach_art
3234,heirspace
3235,jetztkunst
3236,sepidgraphic
3237,desyinart
3238,neckartent
3239,tazzking69
3240,chenfredo
3241,noaelharartist
3242,aramintacadwallader
3243,ben.donath.photography
3244,fraserrenton
3245,fedasei
3246,amandaweigallery
3247,kandypirate
3248,aquietbeing
3249,olga.ibadullayeva
3250,ericdangers
3251,roohanroo
3252,kate78593
3253,carolinesmail.art
3254,diedhees
3255,olga_ibadullayeva
3256,juicypechedesigns
3257,john_gubertini_ph
3258,nhttan
3259,collageartists
3260,dreams_for_skills_magazine
3261,early_worm_
3262,dorothy_ganek
3263,noahverrier
3264,michaelhedgesart
3265,arte_mx
3266,solandergallery
3267,tina.bosse
3268,javierlewin.arte
3269,artbycastellanos
3270,fondazionebrodbeck
3271,greensofagallery
3272,rev_yan_art
3273,kamarou_art
3274,veroniquedumont.vd
3275,vanessa_durantet
3276,makareart
3277,amit_roachthavilit
3278,yard5_graffitishop_berlin
3279,fucking_good_actors
3280,adrigrifol
3281,jinzbr
3282,walruswheedchick
3283,nicolatanzini
3284,kanchangy
3285,olga_osnach_art
3286,heirspace
3287,jetztkunst
3288,sepidgraphic
3289,desyinart
3290,neckartent
3291,tazzking69
3292,chenfredo
3293,noaelharartist
3294,aramintacadwallader
3295,ben.donath.photography
3296,fraserrenton
3297,fedasei
3298,amandaweigallery
3299,kandypirate
3300,aquietbeing
3301,olga.ibadullayeva
3302,ericdangers
3303,roohanroo
3304,kate78593
3305,carolinesmail.art
3306,diedhees
3307,olga_ibadullayeva
3308,juicypechedesigns
3309,john_gubertini_ph
3310,nhttan
3311,collageartists
3312,dreams_for_skills_magazine
3313,early_worm_
3314,dorothy_ganek
3315,noahverrier
3316,michaelhedgesart
3317,arte_mx
3318,solandergallery
3319,tina.bosse
3320,javierlewin.arte
3321,artbycastellanos
3322,fondazionebrodbeck
3323,greensofagallery
3324,rev_yan_art
3325,kamarou_art
3326,veroniquedumont.vd
3327,vanessa_durantet
3328,makareart
3329,amit_roachthavilit
3330,yard5_graffitishop_berlin
3331,mecenate.online
3332,fucking_good_actors
3333,adrigrifol
3334,jinzbr
3335,walruswheedchick
3336,nicolatanzini
3337,kanchangy
3338,olga_osnach_art
3339,heirspace
3340,jetztkunst
3341,sepidgraphic
3342,desyinart
3343,neckartent
3344,tazzking69
3345,chenfredo
3346,noaelharartist
3347,aramintacadwallader
3348,ben.donath.photography
3349,fraserrenton
3350,fedasei
3351,amandaweigallery
3352,kandypirate
3353,aquietbeing
3354,olga.ibadullayeva
3355,ericdangers
3356,roohanroo
3357,kate78593
3358,carolinesmail.art
3359,diedhees
3360,olga_ibadullayeva
3361,juicypechedesigns
3362,john_gubertini_ph
3363,nhttan
3364,collageartists
3365,dreams_for_skills_magazine
3366,early_worm_
3367,dorothy_ganek
3368,noahverrier
3369,michaelhedgesart
3370,arte_mx
3371,solandergallery
3372,tina.bosse
3373,javierlewin.arte
3374,artbycastellanos
3375,fondazionebrodbeck
3376,greensofagallery
3377,rev_yan_art
3378,kamarou_art
3379,veroniquedumont.vd
3380,vanessa_durantet
3381,makareart
3382,amit_roachthavilit
3383,yard5_graffitishop_berlin
3384,mecenate.online
3385,philbradshaw_
3386,fucking_good_actors
3387,adrigrifol
3388,jinzbr
3389,walruswheedchick
3390,nicolatanzini
3391,kanchangy
3392,olga_osnach_art
3393,heirspace
3394,jetztkunst
3395,sepidgraphic
3396,desyinart
3397,neckartent
3398,tazzking69
3399,chenfredo
3400,noaelharartist
3401,aramintacadwallader
3402,ben.donath.photography
3403,fraserrenton
3404,fedasei
3405,amandaweigallery
3406,kandypirate
3407,aquietbeing
3408,olga.ibadullayeva
3409,ericdangers
3410,roohanroo
3411,kate78593
3412,carolinesmail.art
3413,diedhees
3414,olga_ibadullayeva
3415,juicypechedesigns
3416,john_gubertini_ph
3417,nhttan
3418,collageartists
3419,dreams_for_skills_magazine
3420,early_worm_
3421,dorothy_ganek
3422,noahverrier
3423,michaelhedgesart
3424,arte_mx
3425,solandergallery
3426,tina.bosse
3427,javierlewin.arte
3428,artbycastellanos
3429,fondazionebrodbeck
3430,greensofagallery
3431,rev_yan_art
3432,kamarou_art
3433,veroniquedumont.vd
3434,vanessa_durantet
3435,makareart
3436,amit_roachthavilit
3437,yard5_graffitishop_berlin
3438,mecenate.online
3439,philbradshaw_
3440,manyak_paris
3441,fucking_good_actors
3442,adrigrifol
3443,jinzbr
3444,walruswheedchick
3445,nicolatanzini
3446,kanchangy
3447,olga_osnach_art
3448,heirspace
3449,jetztkunst
3450,sepidgraphic
3451,desyinart
3452,neckartent
3453,tazzking69
3454,chenfredo
3455,noaelharartist
3456,aramintacadwallader
3457,ben.donath.photography
3458,fraserrenton
3459,fedasei
3460,amandaweigallery
3461,kandypirate
3462,aquietbeing
3463,olga.ibadullayeva
3464,ericdangers
3465,roohanroo
3466,kate78593
3467,carolinesmail.art
3468,diedhees
3469,olga_ibadullayeva
3470,juicypechedesigns
3471,john_gubertini_ph
3472,nhttan
3473,collageartists
3474,dreams_for_skills_magazine
3475,early_worm_
3476,dorothy_ganek
3477,noahverrier
3478,michaelhedgesart
3479,arte_mx
3480,solandergallery
3481,tina.bosse
3482,javierlewin.arte
3483,artbycastellanos
3484,fondazionebrodbeck
3485,greensofagallery
3486,rev_yan_art
3487,kamarou_art
3488,veroniquedumont.vd
3489,vanessa_durantet
3490,makareart
3491,amit_roachthavilit
3492,yard5_graffitishop_berlin
3493,mecenate.online
3494,philbradshaw_
3495,manyak_paris
3496,art_kathrin_rosenberger
3497,fucking_good_actors
3498,adrigrifol
3499,jinzbr
3500,walruswheedchick
3501,nicolatanzini
3502,kanchangy
3503,olga_osnach_art
3504,heirspace
3505,jetztkunst
3506,sepidgraphic
3507,desyinart
3508,neckartent
3509,tazzking69
3510,chenfredo
3511,noaelharartist
3512,aramintacadwallader
3513,ben.donath.photography
3514,fraserrenton
3515,fedasei
3516,amandaweigallery
3517,kandypirate
3518,aquietbeing
3519,olga.ibadullayeva
3520,ericdangers
3521,roohanroo
3522,kate78593
3523,carolinesmail.art
3524,diedhees
3525,olga_ibadullayeva
3526,juicypechedesigns
3527,john_gubertini_ph
3528,nhttan
3529,collageartists
3530,dreams_for_skills_magazine
3531,early_worm_
3532,dorothy_ganek
3533,noahverrier
3534,michaelhedgesart
3535,arte_mx
3536,solandergallery
3537,tina.bosse
3538,javierlewin.arte
3539,artbycastellanos
3540,fondazionebrodbeck
3541,greensofagallery
3542,rev_yan_art
3543,kamarou_art
3544,veroniquedumont.vd
3545,vanessa_durantet
3546,makareart
3547,amit_roachthavilit
3548,yard5_graffitishop_berlin
3549,mecenate.online
3550,philbradshaw_
3551,manyak_paris
3552,art_kathrin_rosenberger
3553,realtiart
3554,fucking_good_actors
3555,adrigrifol
3556,jinzbr
3557,walruswheedchick
3558,nicolatanzini
3559,kanchangy
3560,olga_osnach_art
3561,heirspace
3562,jetztkunst
3563,sepidgraphic
3564,desyinart
3565,neckartent
3566,tazzking69
3567,chenfredo
3568,noaelharartist
3569,aramintacadwallader
3570,ben.donath.photography
3571,fraserrenton
3572,fedasei
3573,amandaweigallery
3574,kandypirate
3575,aquietbeing
3576,olga.ibadullayeva
3577,ericdangers
3578,roohanroo
3579,kate78593
3580,carolinesmail.art
3581,diedhees
3582,olga_ibadullayeva
3583,juicypechedesigns
3584,john_gubertini_ph
3585,nhttan
3586,collageartists
3587,dreams_for_skills_magazine
3588,early_worm_
3589,dorothy_ganek
3590,noahverrier
3591,michaelhedgesart
3592,arte_mx
3593,solandergallery
3594,tina.bosse
3595,javierlewin.arte
3596,artbycastellanos
3597,fondazionebrodbeck
3598,greensofagallery
3599,rev_yan_art
3600,kamarou_art
3601,veroniquedumont.vd
3602,vanessa_durantet
3603,makareart
3604,amit_roachthavilit
3605,yard5_graffitishop_berlin
3606,mecenate.online
3607,philbradshaw_
3608,manyak_paris
3609,art_kathrin_rosenberger
3610,realtiart
3611,suziebuchholz
3612,mahemehrgallery
3613,adaliabychanankothari
3614,fucking_good_actors
3615,adrigrifol
3616,jinzbr
3617,walruswheedchick
3618,nicolatanzini
3619,kanchangy
3620,olga_osnach_art
3621,heirspace
3622,jetztkunst
3623,sepidgraphic
3624,desyinart
3625,neckartent
3626,tazzking69
3627,chenfredo
3628,noaelharartist
3629,aramintacadwallader
3630,ben.donath.photography
3631,fraserrenton
3632,fedasei
3633,amandaweigallery
3634,kandypirate
3635,aquietbeing
3636,olga.ibadullayeva
3637,ericdangers
3638,roohanroo
3639,kate78593
3640,carolinesmail.art
3641,diedhees
3642,olga_ibadullayeva
3643,juicypechedesigns
3644,john_gubertini_ph
3645,nhttan
3646,collageartists
3647,dreams_for_skills_magazine
3648,early_worm_
3649,dorothy_ganek
3650,noahverrier
3651,michaelhedgesart
3652,arte_mx
3653,solandergallery
3654,tina.bosse
3655,javierlewin.arte
3656,artbycastellanos
3657,fondazionebrodbeck
3658,greensofagallery
3659,rev_yan_art
3660,kamarou_art
3661,veroniquedumont.vd
3662,vanessa_durantet
3663,makareart
3664,amit_roachthavilit
3665,yard5_graffitishop_berlin
3666,mecenate.online
3667,philbradshaw_
3668,manyak_paris
3669,art_kathrin_rosenberger
3670,realtiart
3671,suziebuchholz
3672,mahemehrgallery
3673,adaliabychanankothari
3674,alisonlamart
3675,fucking_good_actors
3676,adrigrifol
3677,jinzbr
3678,walruswheedchick
3679,nicolatanzini
3680,kanchangy
3681,olga_osnach_art
3682,heirspace
3683,jetztkunst
3684,sepidgraphic
3685,desyinart
3686,neckartent
3687,tazzking69
3688,chenfredo
3689,noaelharartist
3690,aramintacadwallader
3691,ben.donath.photography
3692,fraserrenton
3693,fedasei
3694,amandaweigallery
3695,kandypirate
3696,aquietbeing
3697,olga.ibadullayeva
3698,ericdangers
3699,roohanroo
3700,kate78593
3701,carolinesmail.art
3702,diedhees
3703,olga_ibadullayeva
3704,juicypechedesigns
3705,john_gubertini_ph
3706,nhttan
3707,collageartists
3708,dreams_for_skills_magazine
3709,early_worm_
3710,dorothy_ganek
3711,noahverrier
3712,michaelhedgesart
3713,arte_mx
3714,solandergallery
3715,tina.bosse
3716,javierlewin.arte
3717,artbycastellanos
3718,fondazionebrodbeck
3719,greensofagallery
3720,rev_yan_art
3721,kamarou_art
3722,veroniquedumont.vd
3723,vanessa_durantet
3724,makareart
3725,amit_roachthavilit
3726,yard5_graffitishop_berlin
3727,mecenate.online
3728,philbradshaw_
3729,manyak_paris
3730,art_kathrin_rosenberger
3731,realtiart
3732,suziebuchholz
3733,mahemehrgallery
3734,adaliabychanankothari
3735,alisonlamart
3736,laquinonero
3737,fucking_good_actors
3738,adrigrifol
3739,jinzbr
3740,walruswheedchick
3741,nicolatanzini
3742,kanchangy
3743,olga_osnach_art
3744,heirspace
3745,jetztkunst
3746,sepidgraphic
3747,desyinart
3748,neckartent
3749,tazzking69
3750,chenfredo
3751,noaelharartist
3752,aramintacadwallader
3753,ben.donath.photography
3754,fraserrenton
3755,fedasei
3756,amandaweigallery
3757,kandypirate
3758,aquietbeing
3759,olga.ibadullayeva
3760,ericdangers
3761,roohanroo
3762,kate78593
3763,carolinesmail.art
3764,diedhees
3765,olga_ibadullayeva
3766,juicypechedesigns
3767,john_gubertini_ph
3768,nhttan
3769,collageartists
3770,dreams_for_skills_magazine
3771,early_worm_
3772,dorothy_ganek
3773,noahverrier
3774,michaelhedgesart
3775,arte_mx
3776,solandergallery
3777,tina.bosse
3778,javierlewin.arte
3779,artbycastellanos
3780,fondazionebrodbeck
3781,greensofagallery
3782,rev_yan_art
3783,kamarou_art
3784,veroniquedumont.vd
3785,vanessa_durantet
3786,makareart
3787,amit_roachthavilit
3788,yard5_graffitishop_berlin
3789,mecenate.online
3790,philbradshaw_
3791,manyak_paris
3792,art_kathrin_rosenberger
3793,realtiart
3794,suziebuchholz
3795,mahemehrgallery
3796,adaliabychanankothari
3797,alisonlamart
3798,laquinonero
3799,danchev_s
3800,fucking_good_actors
3801,adrigrifol
3802,jinzbr
3803,walruswheedchick
3804,nicolatanzini
3805,kanchangy
3806,olga_osnach_art
3807,heirspace
3808,jetztkunst
3809,sepidgraphic
3810,desyinart
3811,neckartent
3812,tazzking69
3813,chenfredo
3814,noaelharartist
3815,aramintacadwallader
3816,ben.donath.photography
3817,fraserrenton
3818,fedasei
3819,amandaweigallery
3820,kandypirate
3821,aquietbeing
3822,olga.ibadullayeva
3823,ericdangers
3824,roohanroo
3825,kate78593
3826,carolinesmail.art
3827,diedhees
3828,olga_ibadullayeva
3829,juicypechedesigns
3830,john_gubertini_ph
3831,nhttan
3832,collageartists
3833,dreams_for_skills_magazine
3834,early_worm_
3835,dorothy_ganek
3836,noahverrier
3837,michaelhedgesart
3838,arte_mx
3839,solandergallery
3840,tina.bosse
3841,javierlewin.arte
3842,artbycastellanos
3843,fondazionebrodbeck
3844,greensofagallery
3845,rev_yan_art
3846,kamarou_art
3847,veroniquedumont.vd
3848,vanessa_durantet
3849,makareart
3850,amit_roachthavilit
3851,yard5_graffitishop_berlin
3852,mecenate.online
3853,philbradshaw_
3854,manyak_paris
3855,art_kathrin_rosenberger
3856,realtiart
3857,suziebuchholz
3858,mahemehrgallery
3859,adaliabychanankothari
3860,alisonlamart
3861,laquinonero
3862,danchev_s
3863,spoxo
3864,fucking_good_actors
3865,adrigrifol
3866,jinzbr
3867,walruswheedchick
3868,nicolatanzini
3869,kanchangy
3870,olga_osnach_art
3871,heirspace
3872,jetztkunst
3873,sepidgraphic
3874,desyinart
3875,neckartent
3876,tazzking69
3877,chenfredo
3878,noaelharartist
3879,aramintacadwallader
3880,ben.donath.photography
3881,fraserrenton
3882,fedasei
3883,amandaweigallery
3884,kandypirate
3885,aquietbeing
3886,olga.ibadullayeva
3887,ericdangers
3888,roohanroo
3889,kate78593
3890,carolinesmail.art
3891,diedhees
3892,olga_ibadullayeva
3893,juicypechedesigns
3894,john_gubertini_ph
3895,nhttan
3896,collageartists
3897,dreams_for_skills_magazine
3898,early_worm_
3899,dorothy_ganek
3900,noahverrier
3901,michaelhedgesart
3902,arte_mx
3903,solandergallery
3904,tina.bosse
3905,javierlewin.arte
3906,artbycastellanos
3907,fondazionebrodbeck
3908,greensofagallery
3909,rev_yan_art
3910,kamarou_art
3911,veroniquedumont.vd
3912,vanessa_durantet
3913,makareart
3914,amit_roachthavilit
3915,yard5_graffitishop_berlin
3916,mecenate.online
3917,philbradshaw_
3918,manyak_paris
3919,art_kathrin_rosenberger
3920,realtiart
3921,suziebuchholz
3922,mahemehrgallery
3923,adaliabychanankothari
3924,alisonlamart
3925,laquinonero
3926,danchev_s
3927,spoxo
3928,banucarmikli
3929,fucking_good_actors
3930,adrigrifol
3931,jinzbr
3932,walruswheedchick
3933,nicolatanzini
3934,kanchangy
3935,olga_osnach_art
3936,heirspace
3937,jetztkunst
3938,sepidgraphic
3939,desyinart
3940,neckartent
3941,tazzking69
3942,chenfredo
3943,noaelharartist
3944,aramintacadwallader
3945,ben.donath.photography
3946,fraserrenton
3947,fedasei
3948,amandaweigallery
3949,kandypirate
3950,aquietbeing
3951,olga.ibadullayeva
3952,ericdangers
3953,roohanroo
3954,kate78593
3955,carolinesmail.art
3956,diedhees
3957,olga_ibadullayeva
3958,juicypechedesigns
3959,john_gubertini_ph
3960,nhttan
3961,collageartists
3962,dreams_for_skills_magazine
3963,early_worm_
3964,dorothy_ganek
3965,noahverrier
3966,michaelhedgesart
3967,arte_mx
3968,solandergallery
3969,tina.bosse
3970,javierlewin.arte
3971,artbycastellanos
3972,fondazionebrodbeck
3973,greensofagallery
3974,rev_yan_art
3975,kamarou_art
3976,veroniquedumont.vd
3977,vanessa_durantet
3978,makareart
3979,amit_roachthavilit
3980,yard5_graffitishop_berlin
3981,mecenate.online
3982,philbradshaw_
3983,manyak_paris
3984,art_kathrin_rosenberger
3985,realtiart
3986,suziebuchholz
3987,mahemehrgallery
3988,adaliabychanankothari
3989,alisonlamart
3990,laquinonero
3991,danchev_s
3992,spoxo
3993,banucarmikli
3994,ninazasada
3995,fucking_good_actors
3996,adrigrifol
3997,jinzbr
3998,walruswheedchick
3999,nicolatanzini
4000,kanchangy
4001,olga_osnach_art
4002,heirspace
4003,jetztkunst
4004,sepidgraphic
4005,desyinart
4006,neckartent
4007,tazzking69
4008,chenfredo
4009,noaelharartist
4010,aramintacadwallader
4011,ben.donath.photography
4012,fraserrenton
4013,fedasei
4014,amandaweigallery
4015,kandypirate
4016,aquietbeing
4017,olga.ibadullayeva
4018,ericdangers
4019,roohanroo
4020,kate78593
4021,carolinesmail.art
4022,diedhees
4023,olga_ibadullayeva
4024,juicypechedesigns
4025,john_gubertini_ph
4026,nhttan
4027,collageartists
4028,dreams_for_skills_magazine
4029,early_worm_
4030,dorothy_ganek
4031,noahverrier
4032,michaelhedgesart
4033,arte_mx
4034,solandergallery
4035,tina.bosse
4036,javierlewin.arte
4037,artbycastellanos
4038,fondazionebrodbeck
4039,greensofagallery
4040,rev_yan_art
4041,kamarou_art
4042,veroniquedumont.vd
4043,vanessa_durantet
4044,makareart
4045,amit_roachthavilit
4046,yard5_graffitishop_berlin
4047,mecenate.online
4048,philbradshaw_
4049,manyak_paris
4050,art_kathrin_rosenberger
4051,realtiart
4052,suziebuchholz
4053,mahemehrgallery
4054,adaliabychanankothari
4055,alisonlamart
4056,laquinonero
4057,danchev_s
4058,spoxo
4059,banucarmikli
4060,ninazasada
4061,gabyfano_art
4062,art.is.interesting
4063,fucking_good_actors
4064,adrigrifol
4065,jinzbr
4066,walruswheedchick
4067,nicolatanzini
4068,kanchangy
4069,olga_osnach_art
4070,heirspace
4071,jetztkunst
4072,sepidgraphic
4073,desyinart
4074,neckartent
4075,tazzking69
4076,chenfredo
4077,noaelharartist
4078,aramintacadwallader
4079,ben.donath.photography
4080,fraserrenton
4081,fedasei
4082,amandaweigallery
4083,kandypirate
4084,aquietbeing
4085,olga.ibadullayeva
4086,ericdangers
4087,roohanroo
4088,kate78593
4089,carolinesmail.art
4090,diedhees
4091,olga_ibadullayeva
4092,juicypechedesigns
4093,john_gubertini_ph
4094,nhttan
4095,collageartists
4096,dreams_for_skills_magazine
4097,early_worm_
4098,dorothy_ganek
4099,noahverrier
4100,michaelhedgesart
4101,arte_mx
4102,solandergallery
4103,tina.bosse
4104,javierlewin.arte
4105,artbycastellanos
4106,fondazionebrodbeck
4107,greensofagallery
4108,rev_yan_art
4109,kamarou_art
4110,veroniquedumont.vd
4111,vanessa_durantet
4112,makareart
4113,amit_roachthavilit
4114,yard5_graffitishop_berlin
4115,mecenate.online
4116,philbradshaw_
4117,manyak_paris
4118,art_kathrin_rosenberger
4119,realtiart
4120,suziebuchholz
4121,mahemehrgallery
4122,adaliabychanankothari
4123,alisonlamart
4124,laquinonero
4125,danchev_s
4126,spoxo
4127,banucarmikli
4128,ninazasada
4129,gabyfano_art
4130,art.is.interesting
4131,trevisan_international
4132,fucking_good_actors
4133,adrigrifol
4134,jinzbr
4135,walruswheedchick
4136,nicolatanzini
4137,kanchangy
4138,olga_osnach_art
4139,heirspace
4140,jetztkunst
4141,sepidgraphic
4142,desyinart
4143,neckartent
4144,tazzking69
4145,chenfredo
4146,noaelharartist
4147,aramintacadwallader
4148,ben.donath.photography
4149,fraserrenton
4150,fedasei
4151,amandaweigallery
4152,kandypirate
4153,aquietbeing
4154,olga.ibadullayeva
4155,ericdangers
4156,roohanroo
4157,kate78593
4158,carolinesmail.art
4159,diedhees
4160,olga_ibadullayeva
4161,juicypechedesigns
4162,john_gubertini_ph
4163,nhttan
4164,collageartists
4165,dreams_for_skills_magazine
4166,early_worm_
4167,dorothy_ganek
4168,noahverrier
4169,michaelhedgesart
4170,arte_mx
4171,solandergallery
4172,tina.bosse
4173,javierlewin.arte
4174,artbycastellanos
4175,fondazionebrodbeck
4176,greensofagallery
4177,rev_yan_art
4178,kamarou_art
4179,veroniquedumont.vd
4180,vanessa_durantet
4181,makareart
4182,amit_roachthavilit
4183,yard5_graffitishop_berlin
4184,mecenate.online
4185,philbradshaw_
4186,manyak_paris
4187,art_kathrin_rosenberger
4188,realtiart
4189,suziebuchholz
4190,mahemehrgallery
4191,adaliabychanankothari
4192,alisonlamart
4193,laquinonero
4194,danchev_s
4195,spoxo
4196,banucarmikli
4197,ninazasada
4198,gabyfano_art
4199,art.is.interesting
4200,trevisan_international
4201,maria_neumann_art
4202,julie.cocatrix
4203,helenkirwantaylor
4204,laana_dz
4205,fucking_good_actors
4206,adrigrifol
4207,jinzbr
4208,walruswheedchick
4209,nicolatanzini
4210,kanchangy
4211,olga_osnach_art
4212,heirspace
4213,jetztkunst
4214,sepidgraphic
4215,desyinart
4216,neckartent
4217,tazzking69
4218,chenfredo
4219,noaelharartist
4220,aramintacadwallader
4221,ben.donath.photography
4222,fraserrenton
4223,fedasei
4224,amandaweigallery
4225,kandypirate
4226,aquietbeing
4227,olga.ibadullayeva
4228,ericdangers
4229,roohanroo
4230,kate78593
4231,carolinesmail.art
4232,diedhees
4233,olga_ibadullayeva
4234,juicypechedesigns
4235,john_gubertini_ph
4236,nhttan
4237,collageartists
4238,dreams_for_skills_magazine
4239,early_worm_
4240,dorothy_ganek
4241,noahverrier
4242,michaelhedgesart
4243,arte_mx
4244,solandergallery
4245,tina.bosse
4246,javierlewin.arte
4247,artbycastellanos
4248,fondazionebrodbeck
4249,greensofagallery
4250,rev_yan_art
4251,kamarou_art
4252,veroniquedumont.vd
4253,vanessa_durantet
4254,makareart
4255,amit_roachthavilit
4256,yard5_graffitishop_berlin
4257,mecenate.online
4258,philbradshaw_
4259,manyak_paris
4260,art_kathrin_rosenberger
4261,realtiart
4262,suziebuchholz
4263,mahemehrgallery
4264,adaliabychanankothari
4265,alisonlamart
4266,laquinonero
4267,danchev_s
4268,spoxo
4269,banucarmikli
4270,ninazasada
4271,gabyfano_art
4272,art.is.interesting
4273,trevisan_international
4274,maria_neumann_art
4275,julie.cocatrix
4276,helenkirwantaylor
4277,laana_dz
4278,artaphernes_
4279,fucking_good_actors
4280,adrigrifol
4281,jinzbr
4282,walruswheedchick
4283,nicolatanzini
4284,kanchangy
4285,olga_osnach_art
4286,heirspace
4287,jetztkunst
4288,sepidgraphic
4289,desyinart
4290,neckartent
4291,tazzking69
4292,chenfredo
4293,noaelharartist
4294,aramintacadwallader
4295,ben.donath.photography
4296,fraserrenton
4297,fedasei
4298,amandaweigallery
4299,kandypirate
4300,aquietbeing
4301,olga.ibadullayeva
4302,ericdangers
4303,roohanroo
4304,kate78593
4305,carolinesmail.art
4306,diedhees
4307,olga_ibadullayeva
4308,juicypechedesigns
4309,john_gubertini_ph
4310,nhttan
4311,collageartists
4312,dreams_for_skills_magazine
4313,early_worm_
4314,dorothy_ganek
4315,noahverrier
4316,michaelhedgesart
4317,arte_mx
4318,solandergallery
4319,tina.bosse
4320,javierlewin.arte
4321,artbycastellanos
4322,fondazionebrodbeck
4323,greensofagallery
4324,rev_yan_art
4325,kamarou_art
4326,veroniquedumont.vd
4327,vanessa_durantet
4328,makareart
4329,amit_roachthavilit
4330,yard5_graffitishop_berlin
4331,mecenate.online
4332,philbradshaw_
4333,manyak_paris
4334,art_kathrin_rosenberger
4335,realtiart
4336,suziebuchholz
4337,mahemehrgallery
4338,adaliabychanankothari
4339,alisonlamart
4340,laquinonero
4341,danchev_s
4342,spoxo
4343,banucarmikli
4344,ninazasada
4345,gabyfano_art
4346,art.is.interesting
4347,trevisan_international
4348,maria_neumann_art
4349,julie.cocatrix
4350,helenkirwantaylor
4351,laana_dz
4352,artaphernes_
4353,fucking_good_actors
4354,adrigrifol
4355,jinzbr
4356,walruswheedchick
4357,nicolatanzini
4358,kanchangy
4359,olga_osnach_art
4360,heirspace
4361,jetztkunst
4362,sepidgraphic
4363,desyinart
4364,neckartent
4365,tazzking69
4366,chenfredo
4367,noaelharartist
4368,aramintacadwallader
4369,ben.donath.photography
4370,fraserrenton
4371,fedasei
4372,amandaweigallery
4373,kandypirate
4374,aquietbeing
4375,olga.ibadullayeva
4376,ericdangers
4377,roohanroo
4378,kate78593
4379,carolinesmail.art
4380,diedhees
4381,olga_ibadullayeva
4382,juicypechedesigns
4383,john_gubertini_ph
4384,nhttan
4385,collageartists
4386,dreams_for_skills_magazine
4387,early_worm_
4388,dorothy_ganek
4389,noahverrier
4390,michaelhedgesart
4391,arte_mx
4392,solandergallery
4393,tina.bosse
4394,javierlewin.arte
4395,artbycastellanos
4396,fondazionebrodbeck
4397,greensofagallery
4398,rev_yan_art
4399,kamarou_art
4400,veroniquedumont.vd
4401,vanessa_durantet
4402,makareart
4403,amit_roachthavilit
4404,yard5_graffitishop_berlin
4405,mecenate.online
4406,philbradshaw_
4407,manyak_paris
4408,art_kathrin_rosenberger
4409,realtiart
4410,suziebuchholz
4411,mahemehrgallery
4412,adaliabychanankothari
4413,alisonlamart
4414,laquinonero
4415,danchev_s
4416,spoxo
4417,banucarmikli
4418,ninazasada
4419,gabyfano_art
4420,art.is.interesting
4421,trevisan_international
4422,maria_neumann_art
4423,julie.cocatrix
4424,helenkirwantaylor
4425,laana_dz
4426,artaphernes_
4427,dotol_l
4428,inspiratiq
4429,vangoghthelife
4430,watercolor.blog
4431,chiaramazzetti.art
4432,natanazarian
4433,anja_m_martin
4434,thegoodartcompany
4435,sytenky.r.t
4436,dazedbydiamonds
4437,art.seyitmehmetbucukoglu
4438,mlpgallery
4439,abstractdot
4440,idi0tic.arts
4441,staydryroofing
4442,emilykriegart
4443,andreatepes
4444,simi.draw
4445,shakshoolly
4446,cliftoncontemporaryart
4447,fraser.draw
4448,zendahlia.designs
4449,potroleft
4450,zepodraw
4451,exploring.colors_
4452,ken4ikkk
4453,kirstydeakinartwork
4454,blackhalid
4455,windswirl
4456,bordarela
4457,luis.felipe.garay
4458,mylifeinadrawing
4459,eve.15n
4460,olimisha
4461,penelopeloveprints
4462,anniestegg
4463,mushroomsssssss
4464,guddan_artist
4465,alisamichelledesigns
4466,inironclad
4467,jessica_wilden_fine_art
4468,tiendasomosarte
4469,kaliartstudio
4470,wild_twist
4471,michaelh002
4472,creepyfreaky_studio
4473,strange.art.student
4474,thekeymonster
4475,coralwitch
4476,meikearts
4477,iamagco
